<?xml version="1.0"?>
<CarboDatabase xmlns:xsi="http://www.w3.org/2001/XMLSchema-instance" xmlns:xsd="http://www.w3.org/2001/XMLSchema">
  <CarboMaterials>
    <CarboMaterial>
      <Id>1001</Id>
      <Name>Aluminium - General</Name>
      <Category>Steel</Category>
      <Description>No description provided</Description>
      <Density>2700</Density>
      <EEI>0</EEI>
      <ECI>9.16</ECI>
      <ECI_A1A3>9.16</ECI_A1A3>
      <ECI_A4A5>0</ECI_A4A5>
      <ECI_B1B7>0</ECI_B1B7>
      <ECI_C1C4>0</ECI_C1C4>
      <ECI_D>0</ECI_D>
      <isLocked>true</isLocked>
      <Property />
    </CarboMaterial>
    <CarboMaterial>
      <Id>1002</Id>
      <Name>Aluminium - Virgin</Name>
      <Category>Steel</Category>
      <Description>No description provided</Description>
      <Density>2700</Density>
      <EEI>0</EEI>
      <ECI>12.79</ECI>
      <ECI_A1A3>12.79</ECI_A1A3>
      <ECI_A4A5>0</ECI_A4A5>
      <ECI_B1B7>0</ECI_B1B7>
      <ECI_C1C4>0</ECI_C1C4>
      <ECI_D>0</ECI_D>
      <isLocked>true</isLocked>
      <Property />
    </CarboMaterial>
    <CarboMaterial>
      <Id>1003</Id>
      <Name>Aluminium - Recycled</Name>
      <Category>Steel</Category>
      <Description>No description provided</Description>
      <Density>2700</Density>
      <EEI>0</EEI>
      <ECI>1.81</ECI>
      <ECI_A1A3>1.81</ECI_A1A3>
      <ECI_A4A5>0</ECI_A4A5>
      <ECI_B1B7>0</ECI_B1B7>
      <ECI_C1C4>0</ECI_C1C4>
      <ECI_D>0</ECI_D>
      <isLocked>true</isLocked>
      <Property />
    </CarboMaterial>
    <CarboMaterial>
      <Id>1004</Id>
      <Name>Asphalt</Name>
      <Category>Other</Category>
      <Description>No description provided</Description>
      <Density>2100</Density>
      <EEI>0</EEI>
      <ECI>0.066</ECI>
      <ECI_A1A3>0.066</ECI_A1A3>
      <ECI_A4A5>0</ECI_A4A5>
      <ECI_B1B7>0</ECI_B1B7>
      <ECI_C1C4>0</ECI_C1C4>
      <ECI_D>0</ECI_D>
      <isLocked>true</isLocked>
      <Property />
    </CarboMaterial>
    <CarboMaterial>
      <Id>1005</Id>
      <Name>Bitumen</Name>
      <Category>Other</Category>
      <Description>No description provided</Description>
      <Density>1300</Density>
      <EEI>0</EEI>
      <ECI>0.55</ECI>
      <ECI_A1A3>0.55</ECI_A1A3>
      <ECI_A4A5>0</ECI_A4A5>
      <ECI_B1B7>0</ECI_B1B7>
      <ECI_C1C4>0</ECI_C1C4>
      <ECI_D>0</ECI_D>
      <isLocked>true</isLocked>
      <Property />
    </CarboMaterial>
    <CarboMaterial>
      <Id>1006</Id>
      <Name>Brass - General</Name>
      <Category>Steel</Category>
      <Description>No description provided</Description>
      <Density>8450</Density>
      <EEI>0</EEI>
      <ECI>2.64</ECI>
      <ECI_A1A3>2.64</ECI_A1A3>
      <ECI_A4A5>0</ECI_A4A5>
      <ECI_B1B7>0</ECI_B1B7>
      <ECI_C1C4>0</ECI_C1C4>
      <ECI_D>0</ECI_D>
      <isLocked>true</isLocked>
      <Property />
    </CarboMaterial>
    <CarboMaterial>
      <Id>1007</Id>
      <Name>Brass - Recycled</Name>
      <Category>Steel</Category>
      <Description>No description provided</Description>
      <Density>8450</Density>
      <EEI>0</EEI>
      <ECI>1.2</ECI>
      <ECI_A1A3>1.2</ECI_A1A3>
      <ECI_A4A5>0</ECI_A4A5>
      <ECI_B1B7>0</ECI_B1B7>
      <ECI_C1C4>0</ECI_C1C4>
      <ECI_D>0</ECI_D>
      <isLocked>true</isLocked>
      <Property />
    </CarboMaterial>
    <CarboMaterial>
      <Id>1008</Id>
      <Name>Brass - Virgin</Name>
      <Category>Steel</Category>
      <Description>No description provided</Description>
      <Density>8450</Density>
      <EEI>0</EEI>
      <ECI>4.8</ECI>
      <ECI_A1A3>4.8</ECI_A1A3>
      <ECI_A4A5>0</ECI_A4A5>
      <ECI_B1B7>0</ECI_B1B7>
      <ECI_C1C4>0</ECI_C1C4>
      <ECI_D>0</ECI_D>
      <isLocked>true</isLocked>
      <Property />
    </CarboMaterial>
    <CarboMaterial>
      <Id>1009</Id>
      <Name>Bricks - EXAMPLE: Single Brick</Name>
      <Category>Brick</Category>
      <Description>No description provided</Description>
      <Density>1000</Density>
      <EEI>0</EEI>
      <ECI>0.55</ECI>
      <ECI_A1A3>0.55</ECI_A1A3>
      <ECI_A4A5>0</ECI_A4A5>
      <ECI_B1B7>0</ECI_B1B7>
      <ECI_C1C4>0</ECI_C1C4>
      <ECI_D>0</ECI_D>
      <isLocked>true</isLocked>
      <Property />
    </CarboMaterial>
    <CarboMaterial>
      <Id>1010</Id>
      <Name>Bricks - General (Common Brick)</Name>
      <Category>Brick</Category>
      <Description>No description provided</Description>
      <Density>1000</Density>
      <EEI>0</EEI>
      <ECI>0.24</ECI>
      <ECI_A1A3>0.24</ECI_A1A3>
      <ECI_A4A5>0</ECI_A4A5>
      <ECI_B1B7>0</ECI_B1B7>
      <ECI_C1C4>0</ECI_C1C4>
      <ECI_D>0</ECI_D>
      <isLocked>true</isLocked>
      <Property />
    </CarboMaterial>
    <CarboMaterial>
      <Id>1011</Id>
      <Name>Bronze - General</Name>
      <Category>Steel</Category>
      <Description>No description provided</Description>
      <Density>8700</Density>
      <EEI>0</EEI>
      <ECI>4</ECI>
      <ECI_A1A3>4</ECI_A1A3>
      <ECI_A4A5>0</ECI_A4A5>
      <ECI_B1B7>0</ECI_B1B7>
      <ECI_C1C4>0</ECI_C1C4>
      <ECI_D>0</ECI_D>
      <isLocked>true</isLocked>
      <Property />
    </CarboMaterial>
    <CarboMaterial>
      <Id>1012</Id>
      <Name>Carpet - Estimate</Name>
      <Category>Other</Category>
      <Description>No description provided</Description>
      <Density>3000</Density>
      <EEI>0</EEI>
      <ECI>15</ECI>
      <ECI_A1A3>15</ECI_A1A3>
      <ECI_A4A5>0</ECI_A4A5>
      <ECI_B1B7>0</ECI_B1B7>
      <ECI_C1C4>0</ECI_C1C4>
      <ECI_D>0</ECI_D>
      <isLocked>true</isLocked>
      <Property />
    </CarboMaterial>
    <CarboMaterial>
      <Id>1013</Id>
      <Name>Cement - Average CEM I Portland Cement, 94% Clinker</Name>
      <Category>Concrete</Category>
      <Description>No description provided</Description>
      <Density>1600</Density>
      <EEI>0</EEI>
      <ECI>0.95</ECI>
      <ECI_A1A3>0.95</ECI_A1A3>
      <ECI_A4A5>0</ECI_A4A5>
      <ECI_B1B7>0</ECI_B1B7>
      <ECI_C1C4>0</ECI_C1C4>
      <ECI_D>0</ECI_D>
      <isLocked>true</isLocked>
      <Property />
    </CarboMaterial>
    <CarboMaterial>
      <Id>1014</Id>
      <Name>Cement - Cement stabilised soil @ 5%</Name>
      <Category>Concrete</Category>
      <Description>No description provided</Description>
      <Density>1600</Density>
      <EEI>0</EEI>
      <ECI>0.061</ECI>
      <ECI_A1A3>0.061</ECI_A1A3>
      <ECI_A4A5>0</ECI_A4A5>
      <ECI_B1B7>0</ECI_B1B7>
      <ECI_C1C4>0</ECI_C1C4>
      <ECI_D>0</ECI_D>
      <isLocked>true</isLocked>
      <Property />
    </CarboMaterial>
    <CarboMaterial>
      <Id>1015</Id>
      <Name>Cement - Cement stabilised soil @ 8%</Name>
      <Category>Concrete</Category>
      <Description>No description provided</Description>
      <Density>1600</Density>
      <EEI>0</EEI>
      <ECI>0.084</ECI>
      <ECI_A1A3>0.084</ECI_A1A3>
      <ECI_A4A5>0</ECI_A4A5>
      <ECI_B1B7>0</ECI_B1B7>
      <ECI_C1C4>0</ECI_C1C4>
      <ECI_D>0</ECI_D>
      <isLocked>true</isLocked>
      <Property />
    </CarboMaterial>
    <CarboMaterial>
      <Id>1016</Id>
      <Name>Cement - General (UK weighted average)</Name>
      <Category>Concrete</Category>
      <Description>No description provided</Description>
      <Density>1600</Density>
      <EEI>0</EEI>
      <ECI>0.74</ECI>
      <ECI_A1A3>0.74</ECI_A1A3>
      <ECI_A4A5>0</ECI_A4A5>
      <ECI_B1B7>0</ECI_B1B7>
      <ECI_C1C4>0</ECI_C1C4>
      <ECI_D>0</ECI_D>
      <isLocked>true</isLocked>
      <Property />
    </CarboMaterial>
    <CarboMaterial>
      <Id>1017</Id>
      <Name>Cement - Mortar (1:0.5:4.5 Cement:Lime:Sand mix)</Name>
      <Category>Concrete</Category>
      <Description>No description provided</Description>
      <Density>2160</Density>
      <EEI>0</EEI>
      <ECI>0.213</ECI>
      <ECI_A1A3>0.213</ECI_A1A3>
      <ECI_A4A5>0</ECI_A4A5>
      <ECI_B1B7>0</ECI_B1B7>
      <ECI_C1C4>0</ECI_C1C4>
      <ECI_D>0</ECI_D>
      <isLocked>true</isLocked>
      <Property />
    </CarboMaterial>
    <CarboMaterial>
      <Id>1018</Id>
      <Name>Cement - Mortar (1:1:6 Cement:Lime:Sand mix)</Name>
      <Category>Concrete</Category>
      <Description>No description provided</Description>
      <Density>2160</Density>
      <EEI>0</EEI>
      <ECI>0.174</ECI>
      <ECI_A1A3>0.174</ECI_A1A3>
      <ECI_A4A5>0</ECI_A4A5>
      <ECI_B1B7>0</ECI_B1B7>
      <ECI_C1C4>0</ECI_C1C4>
      <ECI_D>0</ECI_D>
      <isLocked>true</isLocked>
      <Property />
    </CarboMaterial>
    <CarboMaterial>
      <Id>1019</Id>
      <Name>Cement - Mortar (1:2:9 Cement:Lime:Sand mix)</Name>
      <Category>Concrete</Category>
      <Description>No description provided</Description>
      <Density>2160</Density>
      <EEI>0</EEI>
      <ECI>0.155</ECI>
      <ECI_A1A3>0.155</ECI_A1A3>
      <ECI_A4A5>0</ECI_A4A5>
      <ECI_B1B7>0</ECI_B1B7>
      <ECI_C1C4>0</ECI_C1C4>
      <ECI_D>0</ECI_D>
      <isLocked>true</isLocked>
      <Property />
    </CarboMaterial>
    <CarboMaterial>
      <Id>1020</Id>
      <Name>Cement - Mortar (1:3 cement:sand mix)</Name>
      <Category>Concrete</Category>
      <Description>No description provided</Description>
      <Density>2160</Density>
      <EEI>0</EEI>
      <ECI>0.221</ECI>
      <ECI_A1A3>0.221</ECI_A1A3>
      <ECI_A4A5>0</ECI_A4A5>
      <ECI_B1B7>0</ECI_B1B7>
      <ECI_C1C4>0</ECI_C1C4>
      <ECI_D>0</ECI_D>
      <isLocked>true</isLocked>
      <Property />
    </CarboMaterial>
    <CarboMaterial>
      <Id>1021</Id>
      <Name>Cement - Mortar (1:4)</Name>
      <Category>Concrete</Category>
      <Description>No description provided</Description>
      <Density>2160</Density>
      <EEI>0</EEI>
      <ECI>0.182</ECI>
      <ECI_A1A3>0.182</ECI_A1A3>
      <ECI_A4A5>0</ECI_A4A5>
      <ECI_B1B7>0</ECI_B1B7>
      <ECI_C1C4>0</ECI_C1C4>
      <ECI_D>0</ECI_D>
      <isLocked>true</isLocked>
      <Property />
    </CarboMaterial>
    <CarboMaterial>
      <Id>1022</Id>
      <Name>Cement - Mortar (1:5)</Name>
      <Category>Concrete</Category>
      <Description>No description provided</Description>
      <Density>2160</Density>
      <EEI>0</EEI>
      <ECI>0.156</ECI>
      <ECI_A1A3>0.156</ECI_A1A3>
      <ECI_A4A5>0</ECI_A4A5>
      <ECI_B1B7>0</ECI_B1B7>
      <ECI_C1C4>0</ECI_C1C4>
      <ECI_D>0</ECI_D>
      <isLocked>true</isLocked>
      <Property />
    </CarboMaterial>
    <CarboMaterial>
      <Id>1023</Id>
      <Name>Cement - Mortar (1:6)</Name>
      <Category>Concrete</Category>
      <Description>No description provided</Description>
      <Density>2160</Density>
      <EEI>0</EEI>
      <ECI>0.136</ECI>
      <ECI_A1A3>0.136</ECI_A1A3>
      <ECI_A4A5>0</ECI_A4A5>
      <ECI_B1B7>0</ECI_B1B7>
      <ECI_C1C4>0</ECI_C1C4>
      <ECI_D>0</ECI_D>
      <isLocked>true</isLocked>
      <Property />
    </CarboMaterial>
    <CarboMaterial>
      <Id>1024</Id>
      <Name>Ceramics - Fittings</Name>
      <Category>Other</Category>
      <Description>No description provided</Description>
      <Density>2500</Density>
      <EEI>0</EEI>
      <ECI>1.14</ECI>
      <ECI_A1A3>1.14</ECI_A1A3>
      <ECI_A4A5>0</ECI_A4A5>
      <ECI_B1B7>0</ECI_B1B7>
      <ECI_C1C4>0</ECI_C1C4>
      <ECI_D>0</ECI_D>
      <isLocked>true</isLocked>
      <Property />
    </CarboMaterial>
    <CarboMaterial>
      <Id>1025</Id>
      <Name>Ceramics - General</Name>
      <Category>Other</Category>
      <Description>No description provided</Description>
      <Density>2500</Density>
      <EEI>0</EEI>
      <ECI>0.7</ECI>
      <ECI_A1A3>0.7</ECI_A1A3>
      <ECI_A4A5>0</ECI_A4A5>
      <ECI_B1B7>0</ECI_B1B7>
      <ECI_C1C4>0</ECI_C1C4>
      <ECI_D>0</ECI_D>
      <isLocked>true</isLocked>
      <Property />
    </CarboMaterial>
    <CarboMaterial>
      <Id>1026</Id>
      <Name>Ceramics - Sanitary Products</Name>
      <Category>Other</Category>
      <Description>No description provided</Description>
      <Density>2500</Density>
      <EEI>0</EEI>
      <ECI>1.61</ECI>
      <ECI_A1A3>1.61</ECI_A1A3>
      <ECI_A4A5>0</ECI_A4A5>
      <ECI_B1B7>0</ECI_B1B7>
      <ECI_C1C4>0</ECI_C1C4>
      <ECI_D>0</ECI_D>
      <isLocked>true</isLocked>
      <Property />
    </CarboMaterial>
    <CarboMaterial>
      <Id>1027</Id>
      <Name>Ceramics - Tiles and Cladding Panels</Name>
      <Category>Other</Category>
      <Description>No description provided</Description>
      <Density>2500</Density>
      <EEI>0</EEI>
      <ECI>0.78</ECI>
      <ECI_A1A3>0.78</ECI_A1A3>
      <ECI_A4A5>0</ECI_A4A5>
      <ECI_B1B7>0</ECI_B1B7>
      <ECI_C1C4>0</ECI_C1C4>
      <ECI_D>0</ECI_D>
      <isLocked>true</isLocked>
      <Property />
    </CarboMaterial>
    <CarboMaterial>
      <Id>1028</Id>
      <Name>Clay - General (Simple Baked Products)</Name>
      <Category>Other</Category>
      <Description>No description provided</Description>
      <Density>1800</Density>
      <EEI>0</EEI>
      <ECI>0.24</ECI>
      <ECI_A1A3>0.24</ECI_A1A3>
      <ECI_A4A5>0</ECI_A4A5>
      <ECI_B1B7>0</ECI_B1B7>
      <ECI_C1C4>0</ECI_C1C4>
      <ECI_D>0</ECI_D>
      <isLocked>true</isLocked>
      <Property />
    </CarboMaterial>
    <CarboMaterial>
      <Id>1029</Id>
      <Name>Clay - Tile</Name>
      <Category>Other</Category>
      <Description>No description provided</Description>
      <Density>1900</Density>
      <EEI>0</EEI>
      <ECI>0.48</ECI>
      <ECI_A1A3>0.48</ECI_A1A3>
      <ECI_A4A5>0</ECI_A4A5>
      <ECI_B1B7>0</ECI_B1B7>
      <ECI_C1C4>0</ECI_C1C4>
      <ECI_D>0</ECI_D>
      <isLocked>true</isLocked>
      <Property />
    </CarboMaterial>
    <CarboMaterial>
      <Id>1030</Id>
      <Name>Clay - Vitrified clay pipe DN 100 &amp; DN 150</Name>
      <Category>Other</Category>
      <Description>No description provided</Description>
      <Density>1800</Density>
      <EEI>0</EEI>
      <ECI>0.46</ECI>
      <ECI_A1A3>0.46</ECI_A1A3>
      <ECI_A4A5>0</ECI_A4A5>
      <ECI_B1B7>0</ECI_B1B7>
      <ECI_C1C4>0</ECI_C1C4>
      <ECI_D>0</ECI_D>
      <isLocked>true</isLocked>
      <Property />
    </CarboMaterial>
    <CarboMaterial>
      <Id>1031</Id>
      <Name>Clay - Vitrified clay pipe DN 200 &amp; DN 300</Name>
      <Category>Other</Category>
      <Description>No description provided</Description>
      <Density>1800</Density>
      <EEI>0</EEI>
      <ECI>0.5</ECI>
      <ECI_A1A3>0.5</ECI_A1A3>
      <ECI_A4A5>0</ECI_A4A5>
      <ECI_B1B7>0</ECI_B1B7>
      <ECI_C1C4>0</ECI_C1C4>
      <ECI_D>0</ECI_D>
      <isLocked>true</isLocked>
      <Property />
    </CarboMaterial>
    <CarboMaterial>
      <Id>1032</Id>
      <Name>Clay - Vitrified clay pipe DN 500</Name>
      <Category>Other</Category>
      <Description>No description provided</Description>
      <Density>1800</Density>
      <EEI>0</EEI>
      <ECI>0.55</ECI>
      <ECI_A1A3>0.55</ECI_A1A3>
      <ECI_A4A5>0</ECI_A4A5>
      <ECI_B1B7>0</ECI_B1B7>
      <ECI_C1C4>0</ECI_C1C4>
      <ECI_D>0</ECI_D>
      <isLocked>true</isLocked>
      <Property />
    </CarboMaterial>
    <CarboMaterial>
      <Id>1033</Id>
      <Name>Concrete - 16/20 Mpa</Name>
      <Category>Concrete</Category>
      <Description>No description provided</Description>
      <Density>2400</Density>
      <EEI>0</EEI>
      <ECI>0.1</ECI>
      <ECI_A1A3>0.1</ECI_A1A3>
      <ECI_A4A5>0</ECI_A4A5>
      <ECI_B1B7>0</ECI_B1B7>
      <ECI_C1C4>0</ECI_C1C4>
      <ECI_D>0</ECI_D>
      <isLocked>true</isLocked>
      <Property />
    </CarboMaterial>
    <CarboMaterial>
      <Id>1034</Id>
      <Name>Concrete - 20/25 MPa</Name>
      <Category>Concrete</Category>
      <Description>No description provided</Description>
      <Density>2400</Density>
      <EEI>0</EEI>
      <ECI>0.107</ECI>
      <ECI_A1A3>0.107</ECI_A1A3>
      <ECI_A4A5>0</ECI_A4A5>
      <ECI_B1B7>0</ECI_B1B7>
      <ECI_C1C4>0</ECI_C1C4>
      <ECI_D>0</ECI_D>
      <isLocked>true</isLocked>
      <Property />
    </CarboMaterial>
    <CarboMaterial>
      <Id>1035</Id>
      <Name>Concrete - 25/30 MPa</Name>
      <Category>Concrete</Category>
      <Description>No description provided</Description>
      <Density>2400</Density>
      <EEI>0</EEI>
      <ECI>0.113</ECI>
      <ECI_A1A3>0.113</ECI_A1A3>
      <ECI_A4A5>0</ECI_A4A5>
      <ECI_B1B7>0</ECI_B1B7>
      <ECI_C1C4>0</ECI_C1C4>
      <ECI_D>0</ECI_D>
      <isLocked>true</isLocked>
      <Property />
    </CarboMaterial>
    <CarboMaterial>
      <Id>1036</Id>
      <Name>Concrete - 28/35 MPa</Name>
      <Category>Concrete</Category>
      <Description>No description provided</Description>
      <Density>2400</Density>
      <EEI>0</EEI>
      <ECI>0.12</ECI>
      <ECI_A1A3>0.12</ECI_A1A3>
      <ECI_A4A5>0</ECI_A4A5>
      <ECI_B1B7>0</ECI_B1B7>
      <ECI_C1C4>0</ECI_C1C4>
      <ECI_D>0</ECI_D>
      <isLocked>true</isLocked>
      <Property />
    </CarboMaterial>
    <CarboMaterial>
      <Id>1037</Id>
      <Name>Concrete - 32/40 MPa</Name>
      <Category>Concrete</Category>
      <Description>No description provided</Description>
      <Density>2400</Density>
      <EEI>0</EEI>
      <ECI>0.132</ECI>
      <ECI_A1A3>0.132</ECI_A1A3>
      <ECI_A4A5>0</ECI_A4A5>
      <ECI_B1B7>0</ECI_B1B7>
      <ECI_C1C4>0</ECI_C1C4>
      <ECI_D>0</ECI_D>
      <isLocked>true</isLocked>
      <Property />
    </CarboMaterial>
    <CarboMaterial>
      <Id>1038</Id>
      <Name>Concrete - 40/50 MPa</Name>
      <Category>Concrete</Category>
      <Description>No description provided</Description>
      <Density>2400</Density>
      <EEI>0</EEI>
      <ECI>0.151</ECI>
      <ECI_A1A3>0.151</ECI_A1A3>
      <ECI_A4A5>0</ECI_A4A5>
      <ECI_B1B7>0</ECI_B1B7>
      <ECI_C1C4>0</ECI_C1C4>
      <ECI_D>0</ECI_D>
      <isLocked>true</isLocked>
      <Property />
    </CarboMaterial>
    <CarboMaterial>
      <Id>1039</Id>
      <Name>Concrete - GEN 0 (6/8 MPa)</Name>
      <Category>Concrete</Category>
      <Description>No description provided</Description>
      <Density>2400</Density>
      <EEI>0</EEI>
      <ECI>0.076</ECI>
      <ECI_A1A3>0.076</ECI_A1A3>
      <ECI_A4A5>0</ECI_A4A5>
      <ECI_B1B7>0</ECI_B1B7>
      <ECI_C1C4>0</ECI_C1C4>
      <ECI_D>0</ECI_D>
      <isLocked>true</isLocked>
      <Property />
    </CarboMaterial>
    <CarboMaterial>
      <Id>1040</Id>
      <Name>Concrete - GEN 0 (6/8 MPa)</Name>
      <Category>Concrete</Category>
      <Description>No description provided</Description>
      <Density>2400</Density>
      <EEI>0</EEI>
      <ECI>0.076</ECI>
      <ECI_A1A3>0.076</ECI_A1A3>
      <ECI_A4A5>0</ECI_A4A5>
      <ECI_B1B7>0</ECI_B1B7>
      <ECI_C1C4>0</ECI_C1C4>
      <ECI_D>0</ECI_D>
      <isLocked>true</isLocked>
      <Property />
    </CarboMaterial>
    <CarboMaterial>
      <Id>1041</Id>
      <Name>Concrete - GEN 1 (8/10 MPa)</Name>
      <Category>Concrete</Category>
      <Description>No description provided</Description>
      <Density>2400</Density>
      <EEI>0</EEI>
      <ECI>0.104</ECI>
      <ECI_A1A3>0.104</ECI_A1A3>
      <ECI_A4A5>0</ECI_A4A5>
      <ECI_B1B7>0</ECI_B1B7>
      <ECI_C1C4>0</ECI_C1C4>
      <ECI_D>0</ECI_D>
      <isLocked>true</isLocked>
      <Property />
    </CarboMaterial>
    <CarboMaterial>
      <Id>1042</Id>
      <Name>Concrete - GEN 1 (8/10 MPa)</Name>
      <Category>Concrete</Category>
      <Description>No description provided</Description>
      <Density>2400</Density>
      <EEI>0</EEI>
      <ECI>0.104</ECI>
      <ECI_A1A3>0.104</ECI_A1A3>
      <ECI_A4A5>0</ECI_A4A5>
      <ECI_B1B7>0</ECI_B1B7>
      <ECI_C1C4>0</ECI_C1C4>
      <ECI_D>0</ECI_D>
      <isLocked>true</isLocked>
      <Property />
    </CarboMaterial>
    <CarboMaterial>
      <Id>1043</Id>
      <Name>Concrete - GEN 2 (12/15 MPa)</Name>
      <Category>Concrete</Category>
      <Description>No description provided</Description>
      <Density>2400</Density>
      <EEI>0</EEI>
      <ECI>0.114</ECI>
      <ECI_A1A3>0.114</ECI_A1A3>
      <ECI_A4A5>0</ECI_A4A5>
      <ECI_B1B7>0</ECI_B1B7>
      <ECI_C1C4>0</ECI_C1C4>
      <ECI_D>0</ECI_D>
      <isLocked>true</isLocked>
      <Property />
    </CarboMaterial>
    <CarboMaterial>
      <Id>1044</Id>
      <Name>Concrete - GEN 2 (12/15 MPa)</Name>
      <Category>Concrete</Category>
      <Description>No description provided</Description>
      <Density>2400</Density>
      <EEI>0</EEI>
      <ECI>0.114</ECI>
      <ECI_A1A3>0.114</ECI_A1A3>
      <ECI_A4A5>0</ECI_A4A5>
      <ECI_B1B7>0</ECI_B1B7>
      <ECI_C1C4>0</ECI_C1C4>
      <ECI_D>0</ECI_D>
      <isLocked>true</isLocked>
      <Property />
    </CarboMaterial>
    <CarboMaterial>
      <Id>1045</Id>
      <Name>Concrete - GEN 3 (16/20 MPa)</Name>
      <Category>Concrete</Category>
      <Description>No description provided</Description>
      <Density>2400</Density>
      <EEI>0</EEI>
      <ECI>0.123</ECI>
      <ECI_A1A3>0.123</ECI_A1A3>
      <ECI_A4A5>0</ECI_A4A5>
      <ECI_B1B7>0</ECI_B1B7>
      <ECI_C1C4>0</ECI_C1C4>
      <ECI_D>0</ECI_D>
      <isLocked>true</isLocked>
      <Property />
    </CarboMaterial>
    <CarboMaterial>
      <Id>1046</Id>
      <Name>Concrete - GEN 3 (16/20 MPa)</Name>
      <Category>Concrete</Category>
      <Description>No description provided</Description>
      <Density>2400</Density>
      <EEI>0</EEI>
      <ECI>0.123</ECI>
      <ECI_A1A3>0.123</ECI_A1A3>
      <ECI_A4A5>0</ECI_A4A5>
      <ECI_B1B7>0</ECI_B1B7>
      <ECI_C1C4>0</ECI_C1C4>
      <ECI_D>0</ECI_D>
      <isLocked>true</isLocked>
      <Property />
    </CarboMaterial>
    <CarboMaterial>
      <Id>1047</Id>
      <Name>Concrete - General</Name>
      <Category>Concrete</Category>
      <Description>No description provided</Description>
      <Density>2400</Density>
      <EEI>0</EEI>
      <ECI>0.107</ECI>
      <ECI_A1A3>0.107</ECI_A1A3>
      <ECI_A4A5>0</ECI_A4A5>
      <ECI_B1B7>0</ECI_B1B7>
      <ECI_C1C4>0</ECI_C1C4>
      <ECI_D>0</ECI_D>
      <isLocked>true</isLocked>
      <Property />
    </CarboMaterial>
    <CarboMaterial>
      <Id>1048</Id>
      <Name>Concrete - PAV1</Name>
      <Category>Concrete</Category>
      <Description>No description provided</Description>
      <Density>2400</Density>
      <EEI>0</EEI>
      <ECI>0.148</ECI>
      <ECI_A1A3>0.148</ECI_A1A3>
      <ECI_A4A5>0</ECI_A4A5>
      <ECI_B1B7>0</ECI_B1B7>
      <ECI_C1C4>0</ECI_C1C4>
      <ECI_D>0</ECI_D>
      <isLocked>true</isLocked>
      <Property />
    </CarboMaterial>
    <CarboMaterial>
      <Id>1049</Id>
      <Name>Concrete - PAV1</Name>
      <Category>Concrete</Category>
      <Description>No description provided</Description>
      <Density>2400</Density>
      <EEI>0</EEI>
      <ECI>0.148</ECI>
      <ECI_A1A3>0.148</ECI_A1A3>
      <ECI_A4A5>0</ECI_A4A5>
      <ECI_B1B7>0</ECI_B1B7>
      <ECI_C1C4>0</ECI_C1C4>
      <ECI_D>0</ECI_D>
      <isLocked>true</isLocked>
      <Property />
    </CarboMaterial>
    <CarboMaterial>
      <Id>1050</Id>
      <Name>Concrete - PAV2</Name>
      <Category>Concrete</Category>
      <Description>No description provided</Description>
      <Density>2400</Density>
      <EEI>0</EEI>
      <ECI>0.163</ECI>
      <ECI_A1A3>0.163</ECI_A1A3>
      <ECI_A4A5>0</ECI_A4A5>
      <ECI_B1B7>0</ECI_B1B7>
      <ECI_C1C4>0</ECI_C1C4>
      <ECI_D>0</ECI_D>
      <isLocked>true</isLocked>
      <Property />
    </CarboMaterial>
    <CarboMaterial>
      <Id>1051</Id>
      <Name>Concrete - RC 20/25 (20/25 MPa)</Name>
      <Category>Concrete</Category>
      <Description>No description provided</Description>
      <Density>2400</Density>
      <EEI>0</EEI>
      <ECI>0.132</ECI>
      <ECI_A1A3>0.132</ECI_A1A3>
      <ECI_A4A5>0</ECI_A4A5>
      <ECI_B1B7>0</ECI_B1B7>
      <ECI_C1C4>0</ECI_C1C4>
      <ECI_D>0</ECI_D>
      <isLocked>true</isLocked>
      <Property />
    </CarboMaterial>
    <CarboMaterial>
      <Id>1052</Id>
      <Name>Concrete - RC 20/25 (20/25 MPa)</Name>
      <Category>Concrete</Category>
      <Description>No description provided</Description>
      <Density>2400</Density>
      <EEI>0</EEI>
      <ECI>0.132</ECI>
      <ECI_A1A3>0.132</ECI_A1A3>
      <ECI_A4A5>0</ECI_A4A5>
      <ECI_B1B7>0</ECI_B1B7>
      <ECI_C1C4>0</ECI_C1C4>
      <ECI_D>0</ECI_D>
      <isLocked>true</isLocked>
      <Property />
    </CarboMaterial>
    <CarboMaterial>
      <Id>1053</Id>
      <Name>Concrete - RC 25/30 (25/30 MPa)</Name>
      <Category>Concrete</Category>
      <Description>No description provided</Description>
      <Density>2400</Density>
      <EEI>0</EEI>
      <ECI>0.14</ECI>
      <ECI_A1A3>0.14</ECI_A1A3>
      <ECI_A4A5>0</ECI_A4A5>
      <ECI_B1B7>0</ECI_B1B7>
      <ECI_C1C4>0</ECI_C1C4>
      <ECI_D>0</ECI_D>
      <isLocked>true</isLocked>
      <Property />
    </CarboMaterial>
    <CarboMaterial>
      <Id>1054</Id>
      <Name>Concrete - RC 25/30 (25/30 MPa)</Name>
      <Category>Concrete</Category>
      <Description>No description provided</Description>
      <Density>2400</Density>
      <EEI>0</EEI>
      <ECI>0.14</ECI>
      <ECI_A1A3>0.14</ECI_A1A3>
      <ECI_A4A5>0</ECI_A4A5>
      <ECI_B1B7>0</ECI_B1B7>
      <ECI_C1C4>0</ECI_C1C4>
      <ECI_D>0</ECI_D>
      <isLocked>true</isLocked>
      <Property />
    </CarboMaterial>
    <CarboMaterial>
      <Id>1055</Id>
      <Name>Concrete - RC 28/35 (28/35 MPa)</Name>
      <Category>Concrete</Category>
      <Description>No description provided</Description>
      <Density>2400</Density>
      <EEI>0</EEI>
      <ECI>0.148</ECI>
      <ECI_A1A3>0.148</ECI_A1A3>
      <ECI_A4A5>0</ECI_A4A5>
      <ECI_B1B7>0</ECI_B1B7>
      <ECI_C1C4>0</ECI_C1C4>
      <ECI_D>0</ECI_D>
      <isLocked>true</isLocked>
      <Property />
    </CarboMaterial>
    <CarboMaterial>
      <Id>1056</Id>
      <Name>Concrete - RC 28/35 (28/35 MPa)</Name>
      <Category>Concrete</Category>
      <Description>No description provided</Description>
      <Density>2400</Density>
      <EEI>0</EEI>
      <ECI>0.148</ECI>
      <ECI_A1A3>0.148</ECI_A1A3>
      <ECI_A4A5>0</ECI_A4A5>
      <ECI_B1B7>0</ECI_B1B7>
      <ECI_C1C4>0</ECI_C1C4>
      <ECI_D>0</ECI_D>
      <isLocked>true</isLocked>
      <Property />
    </CarboMaterial>
    <CarboMaterial>
      <Id>1057</Id>
      <Name>Concrete - RC 32/40 (32/40 MPa)</Name>
      <Category>Concrete</Category>
      <Description>No description provided</Description>
      <Density>2400</Density>
      <EEI>0</EEI>
      <ECI>0.163</ECI>
      <ECI_A1A3>0.163</ECI_A1A3>
      <ECI_A4A5>0</ECI_A4A5>
      <ECI_B1B7>0</ECI_B1B7>
      <ECI_C1C4>0</ECI_C1C4>
      <ECI_D>0</ECI_D>
      <isLocked>true</isLocked>
      <Property />
    </CarboMaterial>
    <CarboMaterial>
      <Id>1058</Id>
      <Name>Concrete - RC 32/40 (32/40 MPa)</Name>
      <Category>Concrete</Category>
      <Description>No description provided</Description>
      <Density>2400</Density>
      <EEI>0</EEI>
      <ECI>0.163</ECI>
      <ECI_A1A3>0.163</ECI_A1A3>
      <ECI_A4A5>0</ECI_A4A5>
      <ECI_B1B7>0</ECI_B1B7>
      <ECI_C1C4>0</ECI_C1C4>
      <ECI_D>0</ECI_D>
      <isLocked>true</isLocked>
      <Property />
    </CarboMaterial>
    <CarboMaterial>
      <Id>1059</Id>
      <Name>Concrete - RC 40/50 (40/50 MPa)</Name>
      <Category>Concrete</Category>
      <Description>No description provided</Description>
      <Density>2400</Density>
      <EEI>0</EEI>
      <ECI>0.188</ECI>
      <ECI_A1A3>0.188</ECI_A1A3>
      <ECI_A4A5>0</ECI_A4A5>
      <ECI_B1B7>0</ECI_B1B7>
      <ECI_C1C4>0</ECI_C1C4>
      <ECI_D>0</ECI_D>
      <isLocked>true</isLocked>
      <Property />
    </CarboMaterial>
    <CarboMaterial>
      <Id>1060</Id>
      <Name>Concrete - RC 40/50 (40/50 MPa)</Name>
      <Category>Concrete</Category>
      <Description>No description provided</Description>
      <Density>2400</Density>
      <EEI>0</EEI>
      <ECI>0.188</ECI>
      <ECI_A1A3>0.188</ECI_A1A3>
      <ECI_A4A5>0</ECI_A4A5>
      <ECI_B1B7>0</ECI_B1B7>
      <ECI_C1C4>0</ECI_C1C4>
      <ECI_D>0</ECI_D>
      <isLocked>true</isLocked>
      <Property />
    </CarboMaterial>
    <CarboMaterial>
      <Id>1061</Id>
      <Name>Copper - EU Tube &amp; Sheet</Name>
      <Category>Steel</Category>
      <Description>No description provided</Description>
      <Density>8900</Density>
      <EEI>0</EEI>
      <ECI>2.71</ECI>
      <ECI_A1A3>2.71</ECI_A1A3>
      <ECI_A4A5>0</ECI_A4A5>
      <ECI_B1B7>0</ECI_B1B7>
      <ECI_C1C4>0</ECI_C1C4>
      <ECI_D>0</ECI_D>
      <isLocked>true</isLocked>
      <Property />
    </CarboMaterial>
    <CarboMaterial>
      <Id>1062</Id>
      <Name>Copper - Recycled</Name>
      <Category>Steel</Category>
      <Description>No description provided</Description>
      <Density>8900</Density>
      <EEI>0</EEI>
      <ECI>0.84</ECI>
      <ECI_A1A3>0.84</ECI_A1A3>
      <ECI_A4A5>0</ECI_A4A5>
      <ECI_B1B7>0</ECI_B1B7>
      <ECI_C1C4>0</ECI_C1C4>
      <ECI_D>0</ECI_D>
      <isLocked>true</isLocked>
      <Property />
    </CarboMaterial>
    <CarboMaterial>
      <Id>1063</Id>
      <Name>Copper - Virgin</Name>
      <Category>Steel</Category>
      <Description>No description provided</Description>
      <Density>8900</Density>
      <EEI>0</EEI>
      <ECI>3.81</ECI>
      <ECI_A1A3>3.81</ECI_A1A3>
      <ECI_A4A5>0</ECI_A4A5>
      <ECI_B1B7>0</ECI_B1B7>
      <ECI_C1C4>0</ECI_C1C4>
      <ECI_D>0</ECI_D>
      <isLocked>true</isLocked>
      <Property />
    </CarboMaterial>
    <CarboMaterial>
      <Id>1064</Id>
      <Name>Glass - Primary Glass</Name>
      <Category>Other</Category>
      <Description>No description provided</Description>
      <Density>2480</Density>
      <EEI>0</EEI>
      <ECI>0.91</ECI>
      <ECI_A1A3>0.91</ECI_A1A3>
      <ECI_A4A5>0</ECI_A4A5>
      <ECI_B1B7>0</ECI_B1B7>
      <ECI_C1C4>0</ECI_C1C4>
      <ECI_D>0</ECI_D>
      <isLocked>true</isLocked>
      <Property />
    </CarboMaterial>
    <CarboMaterial>
      <Id>1065</Id>
      <Name>Glass - Secondary Glass</Name>
      <Category>Other</Category>
      <Description>No description provided</Description>
      <Density>2480</Density>
      <EEI>0</EEI>
      <ECI>0.59</ECI>
      <ECI_A1A3>0.59</ECI_A1A3>
      <ECI_A4A5>0</ECI_A4A5>
      <ECI_B1B7>0</ECI_B1B7>
      <ECI_C1C4>0</ECI_C1C4>
      <ECI_D>0</ECI_D>
      <isLocked>true</isLocked>
      <Property />
    </CarboMaterial>
    <CarboMaterial>
      <Id>1066</Id>
      <Name>Glass - Toughened</Name>
      <Category>Other</Category>
      <Description>No description provided</Description>
      <Density>2480</Density>
      <EEI>0</EEI>
      <ECI>1.35</ECI>
      <ECI_A1A3>1.35</ECI_A1A3>
      <ECI_A4A5>0</ECI_A4A5>
      <ECI_B1B7>0</ECI_B1B7>
      <ECI_C1C4>0</ECI_C1C4>
      <ECI_D>0</ECI_D>
      <isLocked>true</isLocked>
      <Property />
    </CarboMaterial>
    <CarboMaterial>
      <Id>1067</Id>
      <Name>Insulation - Cork</Name>
      <Category>Other</Category>
      <Description>No description provided</Description>
      <Density>240</Density>
      <EEI>0</EEI>
      <ECI>0.19</ECI>
      <ECI_A1A3>0.19</ECI_A1A3>
      <ECI_A4A5>0</ECI_A4A5>
      <ECI_B1B7>0</ECI_B1B7>
      <ECI_C1C4>0</ECI_C1C4>
      <ECI_D>0</ECI_D>
      <isLocked>true</isLocked>
      <Property />
    </CarboMaterial>
    <CarboMaterial>
      <Id>1068</Id>
      <Name>Insulation - Fibreglass (Glasswool)</Name>
      <Category>Other</Category>
      <Description>No description provided</Description>
      <Density>200</Density>
      <EEI>0</EEI>
      <ECI>1.35</ECI>
      <ECI_A1A3>1.35</ECI_A1A3>
      <ECI_A4A5>0</ECI_A4A5>
      <ECI_B1B7>0</ECI_B1B7>
      <ECI_C1C4>0</ECI_C1C4>
      <ECI_D>0</ECI_D>
      <isLocked>true</isLocked>
      <Property />
    </CarboMaterial>
    <CarboMaterial>
      <Id>1069</Id>
      <Name>Insulation - Flax (Insulation)</Name>
      <Category>Other</Category>
      <Description>No description provided</Description>
      <Density>200</Density>
      <EEI>0</EEI>
      <ECI>1.7</ECI>
      <ECI_A1A3>1.7</ECI_A1A3>
      <ECI_A4A5>0</ECI_A4A5>
      <ECI_B1B7>0</ECI_B1B7>
      <ECI_C1C4>0</ECI_C1C4>
      <ECI_D>0</ECI_D>
      <isLocked>true</isLocked>
      <Property />
    </CarboMaterial>
    <CarboMaterial>
      <Id>1070</Id>
      <Name>Insulation - General Insulation</Name>
      <Category>Other</Category>
      <Description>No description provided</Description>
      <Density>200</Density>
      <EEI>0</EEI>
      <ECI>1.86</ECI>
      <ECI_A1A3>1.86</ECI_A1A3>
      <ECI_A4A5>0</ECI_A4A5>
      <ECI_B1B7>0</ECI_B1B7>
      <ECI_C1C4>0</ECI_C1C4>
      <ECI_D>0</ECI_D>
      <isLocked>true</isLocked>
      <Property />
    </CarboMaterial>
    <CarboMaterial>
      <Id>1071</Id>
      <Name>Insulation - Mineral wool</Name>
      <Category>Other</Category>
      <Description>No description provided</Description>
      <Density>200</Density>
      <EEI>0</EEI>
      <ECI>1.28</ECI>
      <ECI_A1A3>1.28</ECI_A1A3>
      <ECI_A4A5>0</ECI_A4A5>
      <ECI_B1B7>0</ECI_B1B7>
      <ECI_C1C4>0</ECI_C1C4>
      <ECI_D>0</ECI_D>
      <isLocked>true</isLocked>
      <Property />
    </CarboMaterial>
    <CarboMaterial>
      <Id>1072</Id>
      <Name>Insulation - Paper wool</Name>
      <Category>Other</Category>
      <Description>No description provided</Description>
      <Density>200</Density>
      <EEI>0</EEI>
      <ECI>0.63</ECI>
      <ECI_A1A3>0.63</ECI_A1A3>
      <ECI_A4A5>0</ECI_A4A5>
      <ECI_B1B7>0</ECI_B1B7>
      <ECI_C1C4>0</ECI_C1C4>
      <ECI_D>0</ECI_D>
      <isLocked>true</isLocked>
      <Property />
    </CarboMaterial>
    <CarboMaterial>
      <Id>1073</Id>
      <Name>Insulation - Rockwool</Name>
      <Category>Other</Category>
      <Description>No description provided</Description>
      <Density>200</Density>
      <EEI>0</EEI>
      <ECI>1.12</ECI>
      <ECI_A1A3>1.12</ECI_A1A3>
      <ECI_A4A5>0</ECI_A4A5>
      <ECI_B1B7>0</ECI_B1B7>
      <ECI_C1C4>0</ECI_C1C4>
      <ECI_D>0</ECI_D>
      <isLocked>true</isLocked>
      <Property />
    </CarboMaterial>
    <CarboMaterial>
      <Id>1074</Id>
      <Name>Insulation - Woodwool (Board)</Name>
      <Category>Other</Category>
      <Description>No description provided</Description>
      <Density>200</Density>
      <EEI>0</EEI>
      <ECI>0.98</ECI>
      <ECI_A1A3>0.98</ECI_A1A3>
      <ECI_A4A5>0</ECI_A4A5>
      <ECI_B1B7>0</ECI_B1B7>
      <ECI_C1C4>0</ECI_C1C4>
      <ECI_D>0</ECI_D>
      <isLocked>true</isLocked>
      <Property />
    </CarboMaterial>
    <CarboMaterial>
      <Id>1075</Id>
      <Name>Iron - General</Name>
      <Category>Steel</Category>
      <Description>No description provided</Description>
      <Density>7870</Density>
      <EEI>0</EEI>
      <ECI>2.03</ECI>
      <ECI_A1A3>2.03</ECI_A1A3>
      <ECI_A4A5>0</ECI_A4A5>
      <ECI_B1B7>0</ECI_B1B7>
      <ECI_C1C4>0</ECI_C1C4>
      <ECI_D>0</ECI_D>
      <isLocked>true</isLocked>
      <Property />
    </CarboMaterial>
    <CarboMaterial>
      <Id>1076</Id>
      <Name>Lead - General</Name>
      <Category>Other</Category>
      <Description>No description provided</Description>
      <Density>11340</Density>
      <EEI>0</EEI>
      <ECI>1.67</ECI>
      <ECI_A1A3>1.67</ECI_A1A3>
      <ECI_A4A5>0</ECI_A4A5>
      <ECI_B1B7>0</ECI_B1B7>
      <ECI_C1C4>0</ECI_C1C4>
      <ECI_D>0</ECI_D>
      <isLocked>true</isLocked>
      <Property />
    </CarboMaterial>
    <CarboMaterial>
      <Id>1077</Id>
      <Name>Lead - Recycled</Name>
      <Category>Other</Category>
      <Description>No description provided</Description>
      <Density>11340</Density>
      <EEI>0</EEI>
      <ECI>0.58</ECI>
      <ECI_A1A3>0.58</ECI_A1A3>
      <ECI_A4A5>0</ECI_A4A5>
      <ECI_B1B7>0</ECI_B1B7>
      <ECI_C1C4>0</ECI_C1C4>
      <ECI_D>0</ECI_D>
      <isLocked>true</isLocked>
      <Property />
    </CarboMaterial>
    <CarboMaterial>
      <Id>1078</Id>
      <Name>Lead - Virgin</Name>
      <Category>Other</Category>
      <Description>No description provided</Description>
      <Density>11340</Density>
      <EEI>0</EEI>
      <ECI>3.37</ECI>
      <ECI_A1A3>3.37</ECI_A1A3>
      <ECI_A4A5>0</ECI_A4A5>
      <ECI_B1B7>0</ECI_B1B7>
      <ECI_C1C4>0</ECI_C1C4>
      <ECI_D>0</ECI_D>
      <isLocked>true</isLocked>
      <Property />
    </CarboMaterial>
    <CarboMaterial>
      <Id>1079</Id>
      <Name>Lime - General</Name>
      <Category>Other</Category>
      <Description>No description provided</Description>
      <Density>1000</Density>
      <EEI>0</EEI>
      <ECI>0.78</ECI>
      <ECI_A1A3>0.78</ECI_A1A3>
      <ECI_A4A5>0</ECI_A4A5>
      <ECI_B1B7>0</ECI_B1B7>
      <ECI_C1C4>0</ECI_C1C4>
      <ECI_D>0</ECI_D>
      <isLocked>true</isLocked>
      <Property />
    </CarboMaterial>
    <CarboMaterial>
      <Id>1080</Id>
      <Name>Paint - General</Name>
      <Category>Other</Category>
      <Description>No description provided</Description>
      <Density>1200</Density>
      <EEI>0</EEI>
      <ECI>2.91</ECI>
      <ECI_A1A3>2.91</ECI_A1A3>
      <ECI_A4A5>0</ECI_A4A5>
      <ECI_B1B7>0</ECI_B1B7>
      <ECI_C1C4>0</ECI_C1C4>
      <ECI_D>0</ECI_D>
      <isLocked>true</isLocked>
      <Property />
    </CarboMaterial>
    <CarboMaterial>
      <Id>1081</Id>
      <Name>Paint - Solventborne Paint</Name>
      <Category>Other</Category>
      <Description>No description provided</Description>
      <Density>1200</Density>
      <EEI>0</EEI>
      <ECI>3.76</ECI>
      <ECI_A1A3>3.76</ECI_A1A3>
      <ECI_A4A5>0</ECI_A4A5>
      <ECI_B1B7>0</ECI_B1B7>
      <ECI_C1C4>0</ECI_C1C4>
      <ECI_D>0</ECI_D>
      <isLocked>true</isLocked>
      <Property />
    </CarboMaterial>
    <CarboMaterial>
      <Id>1082</Id>
      <Name>Paint - Waterborne Paint</Name>
      <Category>Other</Category>
      <Description>No description provided</Description>
      <Density>1000</Density>
      <EEI>0</EEI>
      <ECI>2.54</ECI>
      <ECI_A1A3>2.54</ECI_A1A3>
      <ECI_A4A5>0</ECI_A4A5>
      <ECI_B1B7>0</ECI_B1B7>
      <ECI_C1C4>0</ECI_C1C4>
      <ECI_D>0</ECI_D>
      <isLocked>true</isLocked>
      <Property />
    </CarboMaterial>
    <CarboMaterial>
      <Id>1083</Id>
      <Name>Plaster - General (Gypsum)</Name>
      <Category>Other</Category>
      <Description>No description provided</Description>
      <Density>1200</Density>
      <EEI>0</EEI>
      <ECI>0.13</ECI>
      <ECI_A1A3>0.13</ECI_A1A3>
      <ECI_A4A5>0</ECI_A4A5>
      <ECI_B1B7>0</ECI_B1B7>
      <ECI_C1C4>0</ECI_C1C4>
      <ECI_D>0</ECI_D>
      <isLocked>true</isLocked>
      <Property />
    </CarboMaterial>
    <CarboMaterial>
      <Id>1084</Id>
      <Name>Plaster - Plasterboard</Name>
      <Category>Other</Category>
      <Description>No description provided</Description>
      <Density>1900</Density>
      <EEI>0</EEI>
      <ECI>0.39</ECI>
      <ECI_A1A3>0.39</ECI_A1A3>
      <ECI_A4A5>0</ECI_A4A5>
      <ECI_B1B7>0</ECI_B1B7>
      <ECI_C1C4>0</ECI_C1C4>
      <ECI_D>0</ECI_D>
      <isLocked>true</isLocked>
      <Property />
    </CarboMaterial>
    <CarboMaterial>
      <Id>1085</Id>
      <Name>Plastics - Calendered Sheet PVC</Name>
      <Category>Other</Category>
      <Description>No description provided</Description>
      <Density>1400</Density>
      <EEI>0</EEI>
      <ECI>3.19</ECI>
      <ECI_A1A3>3.19</ECI_A1A3>
      <ECI_A4A5>0</ECI_A4A5>
      <ECI_B1B7>0</ECI_B1B7>
      <ECI_C1C4>0</ECI_C1C4>
      <ECI_D>0</ECI_D>
      <isLocked>true</isLocked>
      <Property />
    </CarboMaterial>
    <CarboMaterial>
      <Id>1086</Id>
      <Name>Plastics - Expanded Polystyrene</Name>
      <Category>Other</Category>
      <Description>No description provided</Description>
      <Density>1400</Density>
      <EEI>0</EEI>
      <ECI>3.29</ECI>
      <ECI_A1A3>3.29</ECI_A1A3>
      <ECI_A4A5>0</ECI_A4A5>
      <ECI_B1B7>0</ECI_B1B7>
      <ECI_C1C4>0</ECI_C1C4>
      <ECI_D>0</ECI_D>
      <isLocked>true</isLocked>
      <Property />
    </CarboMaterial>
    <CarboMaterial>
      <Id>1087</Id>
      <Name>Plastics - General</Name>
      <Category>Other</Category>
      <Description>No description provided</Description>
      <Density>1200</Density>
      <EEI>0</EEI>
      <ECI>3.31</ECI>
      <ECI_A1A3>3.31</ECI_A1A3>
      <ECI_A4A5>0</ECI_A4A5>
      <ECI_B1B7>0</ECI_B1B7>
      <ECI_C1C4>0</ECI_C1C4>
      <ECI_D>0</ECI_D>
      <isLocked>true</isLocked>
      <Property />
    </CarboMaterial>
    <CarboMaterial>
      <Id>1088</Id>
      <Name>Plastics - General Polyethylene</Name>
      <Category>Other</Category>
      <Description>No description provided</Description>
      <Density>1400</Density>
      <EEI>0</EEI>
      <ECI>2.54</ECI>
      <ECI_A1A3>2.54</ECI_A1A3>
      <ECI_A4A5>0</ECI_A4A5>
      <ECI_B1B7>0</ECI_B1B7>
      <ECI_C1C4>0</ECI_C1C4>
      <ECI_D>0</ECI_D>
      <isLocked>true</isLocked>
      <Property />
    </CarboMaterial>
    <CarboMaterial>
      <Id>1089</Id>
      <Name>Plastics - General Purpose Polystyrene</Name>
      <Category>Other</Category>
      <Description>No description provided</Description>
      <Density>50</Density>
      <EEI>0</EEI>
      <ECI>3.43</ECI>
      <ECI_A1A3>3.43</ECI_A1A3>
      <ECI_A4A5>0</ECI_A4A5>
      <ECI_B1B7>0</ECI_B1B7>
      <ECI_C1C4>0</ECI_C1C4>
      <ECI_D>0</ECI_D>
      <isLocked>true</isLocked>
      <Property />
    </CarboMaterial>
    <CarboMaterial>
      <Id>1090</Id>
      <Name>Plastics - Nylon</Name>
      <Category>Other</Category>
      <Description>No description provided</Description>
      <Density>1150</Density>
      <EEI>0</EEI>
      <ECI>9.14</ECI>
      <ECI_A1A3>9.14</ECI_A1A3>
      <ECI_A4A5>0</ECI_A4A5>
      <ECI_B1B7>0</ECI_B1B7>
      <ECI_C1C4>0</ECI_C1C4>
      <ECI_D>0</ECI_D>
      <isLocked>true</isLocked>
      <Property />
    </CarboMaterial>
    <CarboMaterial>
      <Id>1091</Id>
      <Name>Plastics - PVC General</Name>
      <Category>Other</Category>
      <Description>No description provided</Description>
      <Density>1400</Density>
      <EEI>0</EEI>
      <ECI>3.1</ECI>
      <ECI_A1A3>3.1</ECI_A1A3>
      <ECI_A4A5>0</ECI_A4A5>
      <ECI_B1B7>0</ECI_B1B7>
      <ECI_C1C4>0</ECI_C1C4>
      <ECI_D>0</ECI_D>
      <isLocked>true</isLocked>
      <Property />
    </CarboMaterial>
    <CarboMaterial>
      <Id>1092</Id>
      <Name>Rubber</Name>
      <Category>Other</Category>
      <Description>No description provided</Description>
      <Density>910</Density>
      <EEI>0</EEI>
      <ECI>2.85</ECI>
      <ECI_A1A3>2.85</ECI_A1A3>
      <ECI_A4A5>0</ECI_A4A5>
      <ECI_B1B7>0</ECI_B1B7>
      <ECI_C1C4>0</ECI_C1C4>
      <ECI_D>0</ECI_D>
      <isLocked>true</isLocked>
      <Property />
    </CarboMaterial>
    <CarboMaterial>
      <Id>1093</Id>
      <Name>Sand</Name>
      <Category>Other</Category>
      <Description>No description provided</Description>
      <Density>1800</Density>
      <EEI>0</EEI>
      <ECI>0.005</ECI>
      <ECI_A1A3>0.005</ECI_A1A3>
      <ECI_A4A5>0</ECI_A4A5>
      <ECI_B1B7>0</ECI_B1B7>
      <ECI_C1C4>0</ECI_C1C4>
      <ECI_D>0</ECI_D>
      <isLocked>true</isLocked>
      <Property />
    </CarboMaterial>
    <CarboMaterial>
      <Id>1094</Id>
      <Name>Soil - Cement stabilised soil @ 5%</Name>
      <Category>Other</Category>
      <Description>No description provided</Description>
      <Density>1800</Density>
      <EEI>0</EEI>
      <ECI>0.061</ECI>
      <ECI_A1A3>0.061</ECI_A1A3>
      <ECI_A4A5>0</ECI_A4A5>
      <ECI_B1B7>0</ECI_B1B7>
      <ECI_C1C4>0</ECI_C1C4>
      <ECI_D>0</ECI_D>
      <isLocked>true</isLocked>
      <Property />
    </CarboMaterial>
    <CarboMaterial>
      <Id>1095</Id>
      <Name>Soil - Cement stabilised soil @ 8%</Name>
      <Category>Other</Category>
      <Description>No description provided</Description>
      <Density>1800</Density>
      <EEI>0</EEI>
      <ECI>0.084</ECI>
      <ECI_A1A3>0.084</ECI_A1A3>
      <ECI_A4A5>0</ECI_A4A5>
      <ECI_B1B7>0</ECI_B1B7>
      <ECI_C1C4>0</ECI_C1C4>
      <ECI_D>0</ECI_D>
      <isLocked>true</isLocked>
      <Property />
    </CarboMaterial>
    <CarboMaterial>
      <Id>1096</Id>
      <Name>Soil - Fly ash stabilised soil</Name>
      <Category>Other</Category>
      <Description>No description provided</Description>
      <Density>1800</Density>
      <EEI>0</EEI>
      <ECI>0.041</ECI>
      <ECI_A1A3>0.041</ECI_A1A3>
      <ECI_A4A5>0</ECI_A4A5>
      <ECI_B1B7>0</ECI_B1B7>
      <ECI_C1C4>0</ECI_C1C4>
      <ECI_D>0</ECI_D>
      <isLocked>true</isLocked>
      <Property />
    </CarboMaterial>
    <CarboMaterial>
      <Id>1097</Id>
      <Name>Soil - General (Rammed Soil)</Name>
      <Category>Other</Category>
      <Description>No description provided</Description>
      <Density>2200</Density>
      <EEI>0</EEI>
      <ECI>0.024</ECI>
      <ECI_A1A3>0.024</ECI_A1A3>
      <ECI_A4A5>0</ECI_A4A5>
      <ECI_B1B7>0</ECI_B1B7>
      <ECI_C1C4>0</ECI_C1C4>
      <ECI_D>0</ECI_D>
      <isLocked>true</isLocked>
      <Property />
    </CarboMaterial>
    <CarboMaterial>
      <Id>1098</Id>
      <Name>Soil - GGBS stabilised soil</Name>
      <Category>Other</Category>
      <Description>No description provided</Description>
      <Density>1800</Density>
      <EEI>0</EEI>
      <ECI>0.047</ECI>
      <ECI_A1A3>0.047</ECI_A1A3>
      <ECI_A4A5>0</ECI_A4A5>
      <ECI_B1B7>0</ECI_B1B7>
      <ECI_C1C4>0</ECI_C1C4>
      <ECI_D>0</ECI_D>
      <isLocked>true</isLocked>
      <Property />
    </CarboMaterial>
    <CarboMaterial>
      <Id>1099</Id>
      <Name>Steel - Bar &amp; rod - UK (EU) Average Recycled Content</Name>
      <Category>Steel</Category>
      <Description>No description provided</Description>
      <Density>7850</Density>
      <EEI>0</EEI>
      <ECI>1.4</ECI>
      <ECI_A1A3>1.4</ECI_A1A3>
      <ECI_A4A5>0</ECI_A4A5>
      <ECI_B1B7>0</ECI_B1B7>
      <ECI_C1C4>0</ECI_C1C4>
      <ECI_D>0</ECI_D>
      <isLocked>true</isLocked>
      <Property />
    </CarboMaterial>
    <CarboMaterial>
      <Id>1100</Id>
      <Name>Steel - Bar &amp; rod - World Avg. Recy. Cont.</Name>
      <Category>Steel</Category>
      <Description>No description provided</Description>
      <Density>7850</Density>
      <EEI>0</EEI>
      <ECI>1.86</ECI>
      <ECI_A1A3>1.86</ECI_A1A3>
      <ECI_A4A5>0</ECI_A4A5>
      <ECI_B1B7>0</ECI_B1B7>
      <ECI_C1C4>0</ECI_C1C4>
      <ECI_D>0</ECI_D>
      <isLocked>true</isLocked>
      <Property />
    </CarboMaterial>
    <CarboMaterial>
      <Id>1101</Id>
      <Name>Steel - Bar &amp; rod- R.O.W. Avg. Recy. Cont.</Name>
      <Category>Steel</Category>
      <Description>No description provided</Description>
      <Density>7850</Density>
      <EEI>0</EEI>
      <ECI>1.95</ECI>
      <ECI_A1A3>1.95</ECI_A1A3>
      <ECI_A4A5>0</ECI_A4A5>
      <ECI_B1B7>0</ECI_B1B7>
      <ECI_C1C4>0</ECI_C1C4>
      <ECI_D>0</ECI_D>
      <isLocked>true</isLocked>
      <Property />
    </CarboMaterial>
    <CarboMaterial>
      <Id>1102</Id>
      <Name>Steel - Coil - R.O.W. Avg. Recy. Cont.</Name>
      <Category>Steel</Category>
      <Description>No description provided</Description>
      <Density>7850</Density>
      <EEI>0</EEI>
      <ECI>1.92</ECI>
      <ECI_A1A3>1.92</ECI_A1A3>
      <ECI_A4A5>0</ECI_A4A5>
      <ECI_B1B7>0</ECI_B1B7>
      <ECI_C1C4>0</ECI_C1C4>
      <ECI_D>0</ECI_D>
      <isLocked>true</isLocked>
      <Property />
    </CarboMaterial>
    <CarboMaterial>
      <Id>1103</Id>
      <Name>Steel - Coil - World Avg. Recy. Cont.</Name>
      <Category>Steel</Category>
      <Description>No description provided</Description>
      <Density>7850</Density>
      <EEI>0</EEI>
      <ECI>1.85</ECI>
      <ECI_A1A3>1.85</ECI_A1A3>
      <ECI_A4A5>0</ECI_A4A5>
      <ECI_B1B7>0</ECI_B1B7>
      <ECI_C1C4>0</ECI_C1C4>
      <ECI_D>0</ECI_D>
      <isLocked>true</isLocked>
      <Property />
    </CarboMaterial>
    <CarboMaterial>
      <Id>1104</Id>
      <Name>Steel - Coil (Sheet) - UK (EU) Average Recycled Content</Name>
      <Category>Steel</Category>
      <Description>No description provided</Description>
      <Density>7850</Density>
      <EEI>0</EEI>
      <ECI>1.38</ECI>
      <ECI_A1A3>1.38</ECI_A1A3>
      <ECI_A4A5>0</ECI_A4A5>
      <ECI_B1B7>0</ECI_B1B7>
      <ECI_C1C4>0</ECI_C1C4>
      <ECI_D>0</ECI_D>
      <isLocked>true</isLocked>
      <Property />
    </CarboMaterial>
    <CarboMaterial>
      <Id>1105</Id>
      <Name>Steel - Coil (Sheet), Galvanised - UK (EU) Average Recycled Content</Name>
      <Category>Steel</Category>
      <Description>No description provided</Description>
      <Density>7850</Density>
      <EEI>0</EEI>
      <ECI>1.54</ECI>
      <ECI_A1A3>1.54</ECI_A1A3>
      <ECI_A4A5>0</ECI_A4A5>
      <ECI_B1B7>0</ECI_B1B7>
      <ECI_C1C4>0</ECI_C1C4>
      <ECI_D>0</ECI_D>
      <isLocked>true</isLocked>
      <Property />
    </CarboMaterial>
    <CarboMaterial>
      <Id>1106</Id>
      <Name>Steel - Coil, Galvanised - R.O.W. Avg. Recy. Cont.</Name>
      <Category>Steel</Category>
      <Description>No description provided</Description>
      <Density>7850</Density>
      <EEI>0</EEI>
      <ECI>2.12</ECI>
      <ECI_A1A3>2.12</ECI_A1A3>
      <ECI_A4A5>0</ECI_A4A5>
      <ECI_B1B7>0</ECI_B1B7>
      <ECI_C1C4>0</ECI_C1C4>
      <ECI_D>0</ECI_D>
      <isLocked>true</isLocked>
      <Property />
    </CarboMaterial>
    <CarboMaterial>
      <Id>1107</Id>
      <Name>Steel - Coil, Galvanised - World Avg. Recy. Cont.</Name>
      <Category>Steel</Category>
      <Description>No description provided</Description>
      <Density>7850</Density>
      <EEI>0</EEI>
      <ECI>2.03</ECI>
      <ECI_A1A3>2.03</ECI_A1A3>
      <ECI_A4A5>0</ECI_A4A5>
      <ECI_B1B7>0</ECI_B1B7>
      <ECI_C1C4>0</ECI_C1C4>
      <ECI_D>0</ECI_D>
      <isLocked>true</isLocked>
      <Property />
    </CarboMaterial>
    <CarboMaterial>
      <Id>1108</Id>
      <Name>Steel - Engineering steel - Recycled</Name>
      <Category>Steel</Category>
      <Description>No description provided</Description>
      <Density>7850</Density>
      <EEI>0</EEI>
      <ECI>0.72</ECI>
      <ECI_A1A3>0.72</ECI_A1A3>
      <ECI_A4A5>0</ECI_A4A5>
      <ECI_B1B7>0</ECI_B1B7>
      <ECI_C1C4>0</ECI_C1C4>
      <ECI_D>0</ECI_D>
      <isLocked>true</isLocked>
      <Property />
    </CarboMaterial>
    <CarboMaterial>
      <Id>1109</Id>
      <Name>Steel - General - R.O.W. Avg. Recy. Cont.</Name>
      <Category>Steel</Category>
      <Description>No description provided</Description>
      <Density>7850</Density>
      <EEI>0</EEI>
      <ECI>2.03</ECI>
      <ECI_A1A3>2.03</ECI_A1A3>
      <ECI_A4A5>0</ECI_A4A5>
      <ECI_B1B7>0</ECI_B1B7>
      <ECI_C1C4>0</ECI_C1C4>
      <ECI_D>0</ECI_D>
      <isLocked>true</isLocked>
      <Property />
    </CarboMaterial>
    <CarboMaterial>
      <Id>1110</Id>
      <Name>Steel - General - UK (EU) Average Recycled Content</Name>
      <Category>Steel</Category>
      <Description>No description provided</Description>
      <Density>7850</Density>
      <EEI>0</EEI>
      <ECI>1.46</ECI>
      <ECI_A1A3>1.46</ECI_A1A3>
      <ECI_A4A5>0</ECI_A4A5>
      <ECI_B1B7>0</ECI_B1B7>
      <ECI_C1C4>0</ECI_C1C4>
      <ECI_D>0</ECI_D>
      <isLocked>true</isLocked>
      <Property />
    </CarboMaterial>
    <CarboMaterial>
      <Id>1111</Id>
      <Name>Steel - General - World Avg. Recy. Cont.</Name>
      <Category>Steel</Category>
      <Description>No description provided</Description>
      <Density>7850</Density>
      <EEI>0</EEI>
      <ECI>1.95</ECI>
      <ECI_A1A3>1.95</ECI_A1A3>
      <ECI_A4A5>0</ECI_A4A5>
      <ECI_B1B7>0</ECI_B1B7>
      <ECI_C1C4>0</ECI_C1C4>
      <ECI_D>0</ECI_D>
      <isLocked>true</isLocked>
      <Property />
    </CarboMaterial>
    <CarboMaterial>
      <Id>1112</Id>
      <Name>Steel - Pipe - R.O.W. Avg. Recy. Cont.</Name>
      <Category>Steel</Category>
      <Description>No description provided</Description>
      <Density>7850</Density>
      <EEI>0</EEI>
      <ECI>2.01</ECI>
      <ECI_A1A3>2.01</ECI_A1A3>
      <ECI_A4A5>0</ECI_A4A5>
      <ECI_B1B7>0</ECI_B1B7>
      <ECI_C1C4>0</ECI_C1C4>
      <ECI_D>0</ECI_D>
      <isLocked>true</isLocked>
      <Property />
    </CarboMaterial>
    <CarboMaterial>
      <Id>1113</Id>
      <Name>Steel - Pipe - World Avg. Recy. Cont.</Name>
      <Category>Steel</Category>
      <Description>No description provided</Description>
      <Density>7850</Density>
      <EEI>0</EEI>
      <ECI>1.94</ECI>
      <ECI_A1A3>1.94</ECI_A1A3>
      <ECI_A4A5>0</ECI_A4A5>
      <ECI_B1B7>0</ECI_B1B7>
      <ECI_C1C4>0</ECI_C1C4>
      <ECI_D>0</ECI_D>
      <isLocked>true</isLocked>
      <Property />
    </CarboMaterial>
    <CarboMaterial>
      <Id>1114</Id>
      <Name>Steel - Pipe- UK (EU) Average Recycled Content</Name>
      <Category>Steel</Category>
      <Description>No description provided</Description>
      <Density>7850</Density>
      <EEI>0</EEI>
      <ECI>1.45</ECI>
      <ECI_A1A3>1.45</ECI_A1A3>
      <ECI_A4A5>0</ECI_A4A5>
      <ECI_B1B7>0</ECI_B1B7>
      <ECI_C1C4>0</ECI_C1C4>
      <ECI_D>0</ECI_D>
      <isLocked>true</isLocked>
      <Property />
    </CarboMaterial>
    <CarboMaterial>
      <Id>1115</Id>
      <Name>Steel - Plate - R.O.W. Avg. Recy. Cont.</Name>
      <Category>Steel</Category>
      <Description>No description provided</Description>
      <Density>7850</Density>
      <EEI>0</EEI>
      <ECI>2.31</ECI>
      <ECI_A1A3>2.31</ECI_A1A3>
      <ECI_A4A5>0</ECI_A4A5>
      <ECI_B1B7>0</ECI_B1B7>
      <ECI_C1C4>0</ECI_C1C4>
      <ECI_D>0</ECI_D>
      <isLocked>true</isLocked>
      <Property />
    </CarboMaterial>
    <CarboMaterial>
      <Id>1116</Id>
      <Name>Steel - Plate - World Avg. Recy. Cont.</Name>
      <Category>Steel</Category>
      <Description>No description provided</Description>
      <Density>7850</Density>
      <EEI>0</EEI>
      <ECI>2.21</ECI>
      <ECI_A1A3>2.21</ECI_A1A3>
      <ECI_A4A5>0</ECI_A4A5>
      <ECI_B1B7>0</ECI_B1B7>
      <ECI_C1C4>0</ECI_C1C4>
      <ECI_D>0</ECI_D>
      <isLocked>true</isLocked>
      <Property />
    </CarboMaterial>
    <CarboMaterial>
      <Id>1117</Id>
      <Name>Steel - Plate- UK (EU) Average Recycled Content</Name>
      <Category>Steel</Category>
      <Description>No description provided</Description>
      <Density>7850</Density>
      <EEI>0</EEI>
      <ECI>1.66</ECI>
      <ECI_A1A3>1.66</ECI_A1A3>
      <ECI_A4A5>0</ECI_A4A5>
      <ECI_B1B7>0</ECI_B1B7>
      <ECI_C1C4>0</ECI_C1C4>
      <ECI_D>0</ECI_D>
      <isLocked>true</isLocked>
      <Property />
    </CarboMaterial>
    <CarboMaterial>
      <Id>1118</Id>
      <Name>Steel - Recycled</Name>
      <Category>Steel</Category>
      <Description>No description provided</Description>
      <Density>7850</Density>
      <EEI>0</EEI>
      <ECI>0.45</ECI>
      <ECI_A1A3>0.45</ECI_A1A3>
      <ECI_A4A5>0</ECI_A4A5>
      <ECI_B1B7>0</ECI_B1B7>
      <ECI_C1C4>0</ECI_C1C4>
      <ECI_D>0</ECI_D>
      <isLocked>true</isLocked>
      <Property />
    </CarboMaterial>
    <CarboMaterial>
      <Id>1119</Id>
      <Name>Steel - Recycled</Name>
      <Category>Steel</Category>
      <Description>No description provided</Description>
      <Density>7850</Density>
      <EEI>0</EEI>
      <ECI>0.47</ECI>
      <ECI_A1A3>0.47</ECI_A1A3>
      <ECI_A4A5>0</ECI_A4A5>
      <ECI_B1B7>0</ECI_B1B7>
      <ECI_C1C4>0</ECI_C1C4>
      <ECI_D>0</ECI_D>
      <isLocked>true</isLocked>
      <Property />
    </CarboMaterial>
    <CarboMaterial>
      <Id>1120</Id>
      <Name>Steel - Section - R.O.W. Avg. Recy. Cont.</Name>
      <Category>Steel</Category>
      <Description>No description provided</Description>
      <Density>7850</Density>
      <EEI>0</EEI>
      <ECI>2.12</ECI>
      <ECI_A1A3>2.12</ECI_A1A3>
      <ECI_A4A5>0</ECI_A4A5>
      <ECI_B1B7>0</ECI_B1B7>
      <ECI_C1C4>0</ECI_C1C4>
      <ECI_D>0</ECI_D>
      <isLocked>true</isLocked>
      <Property />
    </CarboMaterial>
    <CarboMaterial>
      <Id>1121</Id>
      <Name>Steel - Section - World Avg. Recy. Cont.</Name>
      <Category>Steel</Category>
      <Description>No description provided</Description>
      <Density>7850</Density>
      <EEI>0</EEI>
      <ECI>2.03</ECI>
      <ECI_A1A3>2.03</ECI_A1A3>
      <ECI_A4A5>0</ECI_A4A5>
      <ECI_B1B7>0</ECI_B1B7>
      <ECI_C1C4>0</ECI_C1C4>
      <ECI_D>0</ECI_D>
      <isLocked>true</isLocked>
      <Property />
    </CarboMaterial>
    <CarboMaterial>
      <Id>1122</Id>
      <Name>Steel - Section- UK (EU) Average Recycled Content</Name>
      <Category>Steel</Category>
      <Description>No description provided</Description>
      <Density>7850</Density>
      <EEI>0</EEI>
      <ECI>1.53</ECI>
      <ECI_A1A3>1.53</ECI_A1A3>
      <ECI_A4A5>0</ECI_A4A5>
      <ECI_B1B7>0</ECI_B1B7>
      <ECI_C1C4>0</ECI_C1C4>
      <ECI_D>0</ECI_D>
      <isLocked>true</isLocked>
      <Property />
    </CarboMaterial>
    <CarboMaterial>
      <Id>1123</Id>
      <Name>Steel - Virgin</Name>
      <Category>Steel</Category>
      <Description>No description provided</Description>
      <Density>7850</Density>
      <EEI>0</EEI>
      <ECI>2.74</ECI>
      <ECI_A1A3>2.74</ECI_A1A3>
      <ECI_A4A5>0</ECI_A4A5>
      <ECI_B1B7>0</ECI_B1B7>
      <ECI_C1C4>0</ECI_C1C4>
      <ECI_D>0</ECI_D>
      <isLocked>true</isLocked>
      <Property />
    </CarboMaterial>
    <CarboMaterial>
      <Id>1124</Id>
      <Name>Steel - Wire - Virgin</Name>
      <Category>Steel</Category>
      <Description>No description provided</Description>
      <Density>7850</Density>
      <EEI>0</EEI>
      <ECI>3.02</ECI>
      <ECI_A1A3>3.02</ECI_A1A3>
      <ECI_A4A5>0</ECI_A4A5>
      <ECI_B1B7>0</ECI_B1B7>
      <ECI_C1C4>0</ECI_C1C4>
      <ECI_D>0</ECI_D>
      <isLocked>true</isLocked>
      <Property />
    </CarboMaterial>
    <CarboMaterial>
      <Id>1125</Id>
      <Name>Stone - General</Name>
      <Category>Other</Category>
      <Description>No description provided</Description>
      <Density>2600</Density>
      <EEI>0</EEI>
      <ECI>0.079</ECI>
      <ECI_A1A3>0.079</ECI_A1A3>
      <ECI_A4A5>0</ECI_A4A5>
      <ECI_B1B7>0</ECI_B1B7>
      <ECI_C1C4>0</ECI_C1C4>
      <ECI_D>0</ECI_D>
      <isLocked>true</isLocked>
      <Property />
    </CarboMaterial>
    <CarboMaterial>
      <Id>1126</Id>
      <Name>Stone - Granite</Name>
      <Category>Other</Category>
      <Description>No description provided</Description>
      <Density>2600</Density>
      <EEI>0</EEI>
      <ECI>0.7</ECI>
      <ECI_A1A3>0.7</ECI_A1A3>
      <ECI_A4A5>0</ECI_A4A5>
      <ECI_B1B7>0</ECI_B1B7>
      <ECI_C1C4>0</ECI_C1C4>
      <ECI_D>0</ECI_D>
      <isLocked>true</isLocked>
      <Property />
    </CarboMaterial>
    <CarboMaterial>
      <Id>1127</Id>
      <Name>Stone - Limestone</Name>
      <Category>Other</Category>
      <Description>No description provided</Description>
      <Density>2900</Density>
      <EEI>0</EEI>
      <ECI>0.09</ECI>
      <ECI_A1A3>0.09</ECI_A1A3>
      <ECI_A4A5>0</ECI_A4A5>
      <ECI_B1B7>0</ECI_B1B7>
      <ECI_C1C4>0</ECI_C1C4>
      <ECI_D>0</ECI_D>
      <isLocked>true</isLocked>
      <Property />
    </CarboMaterial>
    <CarboMaterial>
      <Id>1128</Id>
      <Name>Stone - Marble</Name>
      <Category>Other</Category>
      <Description>No description provided</Description>
      <Density>2900</Density>
      <EEI>0</EEI>
      <ECI>0.13</ECI>
      <ECI_A1A3>0.13</ECI_A1A3>
      <ECI_A4A5>0</ECI_A4A5>
      <ECI_B1B7>0</ECI_B1B7>
      <ECI_C1C4>0</ECI_C1C4>
      <ECI_D>0</ECI_D>
      <isLocked>true</isLocked>
      <Property />
    </CarboMaterial>
    <CarboMaterial>
      <Id>1129</Id>
      <Name>Stone - Marble tile</Name>
      <Category>Other</Category>
      <Description>No description provided</Description>
      <Density>2900</Density>
      <EEI>0</EEI>
      <ECI>0.21</ECI>
      <ECI_A1A3>0.21</ECI_A1A3>
      <ECI_A4A5>0</ECI_A4A5>
      <ECI_B1B7>0</ECI_B1B7>
      <ECI_C1C4>0</ECI_C1C4>
      <ECI_D>0</ECI_D>
      <isLocked>true</isLocked>
      <Property />
    </CarboMaterial>
    <CarboMaterial>
      <Id>1130</Id>
      <Name>Stone - Sandstone</Name>
      <Category>Other</Category>
      <Description>No description provided</Description>
      <Density>2500</Density>
      <EEI>0</EEI>
      <ECI>0.06</ECI>
      <ECI_A1A3>0.06</ECI_A1A3>
      <ECI_A4A5>0</ECI_A4A5>
      <ECI_B1B7>0</ECI_B1B7>
      <ECI_C1C4>0</ECI_C1C4>
      <ECI_D>0</ECI_D>
      <isLocked>true</isLocked>
      <Property />
    </CarboMaterial>
    <CarboMaterial>
      <Id>1131</Id>
      <Name>Stone - Shale</Name>
      <Category>Other</Category>
      <Description>No description provided</Description>
      <Density>2500</Density>
      <EEI>0</EEI>
      <ECI>0.002</ECI>
      <ECI_A1A3>0.002</ECI_A1A3>
      <ECI_A4A5>0</ECI_A4A5>
      <ECI_B1B7>0</ECI_B1B7>
      <ECI_C1C4>0</ECI_C1C4>
      <ECI_D>0</ECI_D>
      <isLocked>true</isLocked>
      <Property />
    </CarboMaterial>
    <CarboMaterial>
      <Id>1132</Id>
      <Name>Stone - Slate</Name>
      <Category>Other</Category>
      <Description>No description provided</Description>
      <Density>2500</Density>
      <EEI>0</EEI>
      <ECI>0.063</ECI>
      <ECI_A1A3>0.063</ECI_A1A3>
      <ECI_A4A5>0</ECI_A4A5>
      <ECI_B1B7>0</ECI_B1B7>
      <ECI_C1C4>0</ECI_C1C4>
      <ECI_D>0</ECI_D>
      <isLocked>true</isLocked>
      <Property />
    </CarboMaterial>
    <CarboMaterial>
      <Id>1133</Id>
      <Name>Timber - General</Name>
      <Category>Timber</Category>
      <Description>No description provided</Description>
      <Density>700</Density>
      <EEI>0</EEI>
      <ECI>0.72</ECI>
      <ECI_A1A3>0.72</ECI_A1A3>
      <ECI_A4A5>0</ECI_A4A5>
      <ECI_B1B7>0</ECI_B1B7>
      <ECI_C1C4>0</ECI_C1C4>
      <ECI_D>0</ECI_D>
      <isLocked>true</isLocked>
      <Property />
    </CarboMaterial>
    <CarboMaterial>
      <Id>1134</Id>
      <Name>Timber - Glue Laminated timber</Name>
      <Category>Timber</Category>
      <Description>No description provided</Description>
      <Density>700</Density>
      <EEI>0</EEI>
      <ECI>0.87</ECI>
      <ECI_A1A3>0.87</ECI_A1A3>
      <ECI_A4A5>0</ECI_A4A5>
      <ECI_B1B7>0</ECI_B1B7>
      <ECI_C1C4>0</ECI_C1C4>
      <ECI_D>0</ECI_D>
      <isLocked>true</isLocked>
      <Property />
    </CarboMaterial>
    <CarboMaterial>
      <Id>1135</Id>
      <Name>Timber - Hardboard</Name>
      <Category>Timber</Category>
      <Description>No description provided</Description>
      <Density>700</Density>
      <EEI>0</EEI>
      <ECI>1.09</ECI>
      <ECI_A1A3>1.09</ECI_A1A3>
      <ECI_A4A5>0</ECI_A4A5>
      <ECI_B1B7>0</ECI_B1B7>
      <ECI_C1C4>0</ECI_C1C4>
      <ECI_D>0</ECI_D>
      <isLocked>true</isLocked>
      <Property />
    </CarboMaterial>
    <CarboMaterial>
      <Id>1136</Id>
      <Name>Timber - Laminated Veneer Lumber</Name>
      <Category>Timber</Category>
      <Description>No description provided</Description>
      <Density>700</Density>
      <EEI>0</EEI>
      <ECI>0.65</ECI>
      <ECI_A1A3>0.65</ECI_A1A3>
      <ECI_A4A5>0</ECI_A4A5>
      <ECI_B1B7>0</ECI_B1B7>
      <ECI_C1C4>0</ECI_C1C4>
      <ECI_D>0</ECI_D>
      <isLocked>true</isLocked>
      <Property />
    </CarboMaterial>
    <CarboMaterial>
      <Id>1137</Id>
      <Name>Timber - MDF</Name>
      <Category>Timber</Category>
      <Description>No description provided</Description>
      <Density>700</Density>
      <EEI>0</EEI>
      <ECI>0.74</ECI>
      <ECI_A1A3>0.74</ECI_A1A3>
      <ECI_A4A5>0</ECI_A4A5>
      <ECI_B1B7>0</ECI_B1B7>
      <ECI_C1C4>0</ECI_C1C4>
      <ECI_D>0</ECI_D>
      <isLocked>true</isLocked>
      <Property />
    </CarboMaterial>
    <CarboMaterial>
      <Id>1138</Id>
      <Name>Timber - Oriented Strand Board (OSB)</Name>
      <Category>Timber</Category>
      <Description>No description provided</Description>
      <Density>700</Density>
      <EEI>0</EEI>
      <ECI>0.99</ECI>
      <ECI_A1A3>0.99</ECI_A1A3>
      <ECI_A4A5>0</ECI_A4A5>
      <ECI_B1B7>0</ECI_B1B7>
      <ECI_C1C4>0</ECI_C1C4>
      <ECI_D>0</ECI_D>
      <isLocked>true</isLocked>
      <Property />
    </CarboMaterial>
    <CarboMaterial>
      <Id>1139</Id>
      <Name>Timber - Particle Board</Name>
      <Category>Timber</Category>
      <Description>No description provided</Description>
      <Density>700</Density>
      <EEI>0</EEI>
      <ECI>0.86</ECI>
      <ECI_A1A3>0.86</ECI_A1A3>
      <ECI_A4A5>0</ECI_A4A5>
      <ECI_B1B7>0</ECI_B1B7>
      <ECI_C1C4>0</ECI_C1C4>
      <ECI_D>0</ECI_D>
      <isLocked>true</isLocked>
      <Property />
    </CarboMaterial>
    <CarboMaterial>
      <Id>1140</Id>
      <Name>Timber - Plywood</Name>
      <Category>Timber</Category>
      <Description>No description provided</Description>
      <Density>700</Density>
      <EEI>0</EEI>
      <ECI>1.1</ECI>
      <ECI_A1A3>1.1</ECI_A1A3>
      <ECI_A4A5>0</ECI_A4A5>
      <ECI_B1B7>0</ECI_B1B7>
      <ECI_C1C4>0</ECI_C1C4>
      <ECI_D>0</ECI_D>
      <isLocked>true</isLocked>
      <Property />
    </CarboMaterial>
    <CarboMaterial>
      <Id>1141</Id>
      <Name>Timber - Sawn Hardwood</Name>
      <Category>Timber</Category>
      <Description>No description provided</Description>
      <Density>720</Density>
      <EEI>0</EEI>
      <ECI>0.87</ECI>
      <ECI_A1A3>0.87</ECI_A1A3>
      <ECI_A4A5>0</ECI_A4A5>
      <ECI_B1B7>0</ECI_B1B7>
      <ECI_C1C4>0</ECI_C1C4>
      <ECI_D>0</ECI_D>
      <isLocked>true</isLocked>
      <Property />
    </CarboMaterial>
    <CarboMaterial>
      <Id>1142</Id>
      <Name>Timber - Sawn Softwood</Name>
      <Category>Timber</Category>
      <Description>No description provided</Description>
      <Density>450</Density>
      <EEI>0</EEI>
      <ECI>0.59</ECI>
      <ECI_A1A3>0.59</ECI_A1A3>
      <ECI_A4A5>0</ECI_A4A5>
      <ECI_B1B7>0</ECI_B1B7>
      <ECI_C1C4>0</ECI_C1C4>
      <ECI_D>0</ECI_D>
      <isLocked>true</isLocked>
      <Property />
    </CarboMaterial>
    <CarboMaterial>
      <Id>1143</Id>
      <Name>Timber - Veneer Particleboard (Furniture)</Name>
      <Category>Timber</Category>
      <Description>No description provided</Description>
      <Density>700</Density>
      <EEI>0</EEI>
      <ECI>0.59</ECI>
      <ECI_A1A3>0.59</ECI_A1A3>
      <ECI_A4A5>0</ECI_A4A5>
      <ECI_B1B7>0</ECI_B1B7>
      <ECI_C1C4>0</ECI_C1C4>
      <ECI_D>0</ECI_D>
      <isLocked>true</isLocked>
      <Property />
    </CarboMaterial>
    <CarboMaterial>
      <Id>1144</Id>
      <Name>Tin - General</Name>
      <Category>Metal</Category>
      <Description>No description provided</Description>
      <Density>7310</Density>
      <EEI>0</EEI>
      <ECI>14.47</ECI>
      <ECI_A1A3>14.47</ECI_A1A3>
      <ECI_A4A5>0</ECI_A4A5>
      <ECI_B1B7>0</ECI_B1B7>
      <ECI_C1C4>0</ECI_C1C4>
      <ECI_D>0</ECI_D>
      <isLocked>true</isLocked>
      <Property />
    </CarboMaterial>
    <CarboMaterial>
      <Id>1145</Id>
      <Name>Titanium - Recycled</Name>
      <Category>Metal</Category>
      <Description>No description provided</Description>
      <Density>4540</Density>
      <EEI>0</EEI>
      <ECI>14.7</ECI>
      <ECI_A1A3>14.7</ECI_A1A3>
      <ECI_A4A5>0</ECI_A4A5>
      <ECI_B1B7>0</ECI_B1B7>
      <ECI_C1C4>0</ECI_C1C4>
      <ECI_D>0</ECI_D>
      <isLocked>true</isLocked>
      <Property />
    </CarboMaterial>
    <CarboMaterial>
      <Id>1146</Id>
      <Name>Titanium - Virgin</Name>
      <Category>Metal</Category>
      <Description>No description provided</Description>
      <Density>4540</Density>
      <EEI>0</EEI>
      <ECI>30</ECI>
      <ECI_A1A3>30</ECI_A1A3>
      <ECI_A4A5>0</ECI_A4A5>
      <ECI_B1B7>0</ECI_B1B7>
      <ECI_C1C4>0</ECI_C1C4>
      <ECI_D>0</ECI_D>
      <isLocked>true</isLocked>
      <Property />
    </CarboMaterial>
    <CarboMaterial>
      <Id>1147</Id>
      <Name>Vinyl Flooring - General</Name>
      <Category>Other</Category>
      <Description>No description provided</Description>
      <Density>1500</Density>
      <EEI>0</EEI>
      <ECI>3.19</ECI>
      <ECI_A1A3>3.19</ECI_A1A3>
      <ECI_A4A5>0</ECI_A4A5>
      <ECI_B1B7>0</ECI_B1B7>
      <ECI_C1C4>0</ECI_C1C4>
      <ECI_D>0</ECI_D>
      <isLocked>true</isLocked>
      <Property />
    </CarboMaterial>
    <CarboMaterial>
      <Id>1148</Id>
      <Name>Zinc - General</Name>
      <Category>Metal</Category>
      <Description>No description provided</Description>
      <Density>7000</Density>
      <EEI>0</EEI>
      <ECI>3.09</ECI>
      <ECI_A1A3>3.09</ECI_A1A3>
      <ECI_A4A5>0</ECI_A4A5>
      <ECI_B1B7>0</ECI_B1B7>
      <ECI_C1C4>0</ECI_C1C4>
      <ECI_D>0</ECI_D>
      <isLocked>true</isLocked>
      <Property />
    </CarboMaterial>
    <CarboMaterial>
      <Id>1149</Id>
      <Name>Zinc - Recycled</Name>
      <Category>Metal</Category>
      <Description>No description provided</Description>
      <Density>7000</Density>
      <EEI>0</EEI>
      <ECI>0.52</ECI>
      <ECI_A1A3>0.52</ECI_A1A3>
      <ECI_A4A5>0</ECI_A4A5>
      <ECI_B1B7>0</ECI_B1B7>
      <ECI_C1C4>0</ECI_C1C4>
      <ECI_D>0</ECI_D>
      <isLocked>true</isLocked>
      <Property />
    </CarboMaterial>
    <CarboMaterial>
      <Id>1150</Id>
      <Name>Zinc - Virgin</Name>
      <Category>Metal</Category>
      <Description>No description provided</Description>
      <Density>7000</Density>
      <EEI>0</EEI>
      <ECI>4.18</ECI>
      <ECI_A1A3>4.18</ECI_A1A3>
      <ECI_A4A5>0</ECI_A4A5>
      <ECI_B1B7>0</ECI_B1B7>
      <ECI_C1C4>0</ECI_C1C4>
      <ECI_D>0</ECI_D>
      <isLocked>true</isLocked>
      <Property />
    </CarboMaterial>
  </CarboMaterials>
</CarboDatabase>