<?xml version="1.0"?>
<CarboDatabase xmlns:xsi="http://www.w3.org/2001/XMLSchema-instance" xmlns:xsd="http://www.w3.org/2001/XMLSchema">
  <CarboMaterials>
    <CarboMaterial>
      <Id>20003</Id>
      <Name>Metal - Steel 43-275</Name>
      <Category />
      <Description>No description provided</Description>
      <Density>7850</Density>
      <EEI>0</EEI>
      <ECI>2.8200000000000003</ECI>
      <ECI_A1A3>2.74</ECI_A1A3>
      <ECI_A4A5>0.02</ECI_A4A5>
      <ECI_B1B7>0.02</ECI_B1B7>
      <ECI_C1C4>0.02</ECI_C1C4>
      <ECI_D>0.02</ECI_D>
      <isLocked>false</isLocked>
      <Property />
    </CarboMaterial>
    <CarboMaterial>
      <Id>20004</Id>
      <Name>Masonry - Brick</Name>
      <Category />
      <Description>No description provided</Description>
      <Density>1000</Density>
      <EEI>0</EEI>
      <ECI>2.54</ECI>
      <ECI_A1A3>0.55</ECI_A1A3>
      <ECI_A4A5>0.17</ECI_A4A5>
      <ECI_B1B7>0.24</ECI_B1B7>
      <ECI_C1C4>0.76</ECI_C1C4>
      <ECI_D>0.82</ECI_D>
      <isLocked>false</isLocked>
      <Property />
    </CarboMaterial>
    <CarboMaterial>
      <Id>20005</Id>
      <Name>Concrete - Mass Concrete</Name>
      <Category />
      <Description>No description provided</Description>
      <Density>2400</Density>
      <EEI>0</EEI>
      <ECI>1.46</ECI>
      <ECI_A1A3>0.11</ECI_A1A3>
      <ECI_A4A5>0.13</ECI_A4A5>
      <ECI_B1B7>0.73</ECI_B1B7>
      <ECI_C1C4>0.35</ECI_C1C4>
      <ECI_D>0.14</ECI_D>
      <isLocked>false</isLocked>
      <Property />
    </CarboMaterial>
    <CarboMaterial>
      <Id>20006</Id>
      <Name>Concrete - Reinforced Concrete</Name>
      <Category />
      <Description>No description provided</Description>
      <Density>2400</Density>
      <EEI>0</EEI>
      <ECI>3.09</ECI>
      <ECI_A1A3>0.11</ECI_A1A3>
      <ECI_A4A5>0.86</ECI_A4A5>
      <ECI_B1B7>0.78</ECI_B1B7>
      <ECI_C1C4>0.5</ECI_C1C4>
      <ECI_D>0.84</ECI_D>
      <isLocked>false</isLocked>
      <Property />
    </CarboMaterial>
    <CarboMaterial>
      <Id>20007</Id>
      <Name>Concrete - Screed</Name>
      <Category />
      <Description>No description provided</Description>
      <Density>2400</Density>
      <EEI>0</EEI>
      <ECI>1.6900000000000002</ECI>
      <ECI_A1A3>0.11</ECI_A1A3>
      <ECI_A4A5>0.46</ECI_A4A5>
      <ECI_B1B7>0.59</ECI_B1B7>
      <ECI_C1C4>0.21</ECI_C1C4>
      <ECI_D>0.32</ECI_D>
      <isLocked>false</isLocked>
      <Property />
    </CarboMaterial>
    <CarboMaterial>
      <Id>20008</Id>
      <Name>Concrete - Mass Concrete</Name>
      <Category>Concrete</Category>
      <Description>No description provided</Description>
      <Density>2400</Density>
      <EEI>0</EEI>
      <ECI>1.56</ECI>
      <ECI_A1A3>0.11</ECI_A1A3>
      <ECI_A4A5>0.01</ECI_A4A5>
      <ECI_B1B7>0.31</ECI_B1B7>
      <ECI_C1C4>0.63</ECI_C1C4>
      <ECI_D>0.5</ECI_D>
      <isLocked>false</isLocked>
      <Property />
    </CarboMaterial>
    <CarboMaterial>
      <Id>20009</Id>
      <Name>Concrete - Screed</Name>
      <Category>Concrete</Category>
      <Description>No description provided</Description>
      <Density>2400</Density>
      <EEI>0</EEI>
      <ECI>1.44</ECI>
      <ECI_A1A3>0.11</ECI_A1A3>
      <ECI_A4A5>0.34</ECI_A4A5>
      <ECI_B1B7>0.36</ECI_B1B7>
      <ECI_C1C4>0.22</ECI_C1C4>
      <ECI_D>0.41</ECI_D>
      <isLocked>false</isLocked>
      <Property />
    </CarboMaterial>
    <CarboMaterial>
      <Id>20010</Id>
      <Name>Timber</Name>
      <Category>Timber</Category>
      <Description>No description provided</Description>
      <Density>700</Density>
      <EEI>0</EEI>
      <ECI>2.1700000000000004</ECI>
      <ECI_A1A3>0.72</ECI_A1A3>
      <ECI_A4A5>0.77</ECI_A4A5>
      <ECI_B1B7>0.13</ECI_B1B7>
      <ECI_C1C4>0.33</ECI_C1C4>
      <ECI_D>0.22</ECI_D>
      <isLocked>false</isLocked>
      <Property />
    </CarboMaterial>
    <CarboMaterial>
      <Id>20011</Id>
      <Name>Steel</Name>
      <Category>Steel</Category>
      <Description>No description provided</Description>
      <Density>7850</Density>
      <EEI>0</EEI>
      <ECI>2.5999999999999996</ECI>
      <ECI_A1A3>0.45</ECI_A1A3>
      <ECI_A4A5>1</ECI_A4A5>
      <ECI_B1B7>0.42</ECI_B1B7>
      <ECI_C1C4>0.66</ECI_C1C4>
      <ECI_D>0.07</ECI_D>
      <isLocked>false</isLocked>
      <Property />
    </CarboMaterial>
    <CarboMaterial>
      <Id>20012</Id>
      <Name>Brick</Name>
      <Category>Brick</Category>
      <Description>No description provided</Description>
      <Density>8450</Density>
      <EEI>0</EEI>
      <ECI>2.15</ECI>
      <ECI_A1A3>0.55</ECI_A1A3>
      <ECI_A4A5>0.61</ECI_A4A5>
      <ECI_B1B7>0.01</ECI_B1B7>
      <ECI_C1C4>0.14</ECI_C1C4>
      <ECI_D>0.84</ECI_D>
      <isLocked>false</isLocked>
      <Property />
    </CarboMaterial>
    <CarboMaterial>
      <Id>20013</Id>
      <Name>Concrete</Name>
      <Category>Concrete</Category>
      <Description>No description provided</Description>
      <Density>2400</Density>
      <EEI>0</EEI>
      <ECI>1.75</ECI>
      <ECI_A1A3>0.11</ECI_A1A3>
      <ECI_A4A5>0.07</ECI_A4A5>
      <ECI_B1B7>0.42</ECI_B1B7>
      <ECI_C1C4>0.36</ECI_C1C4>
      <ECI_D>0.79</ECI_D>
      <isLocked>false</isLocked>
      <Property />
    </CarboMaterial>
    <CarboMaterial>
      <Id>20014</Id>
      <Name>Site - aSPHALT</Name>
      <Category>Other</Category>
      <Description>No description provided</Description>
      <Density>2100</Density>
      <EEI>0</EEI>
      <ECI>1.5</ECI>
      <ECI_A1A3>0.07</ECI_A1A3>
      <ECI_A4A5>0.33</ECI_A4A5>
      <ECI_B1B7>0.35</ECI_B1B7>
      <ECI_C1C4>0.44</ECI_C1C4>
      <ECI_D>0.31</ECI_D>
      <isLocked>false</isLocked>
      <Property />
    </CarboMaterial>
    <CarboMaterial>
      <Id>20015</Id>
      <Name>Wood -Plywood, Sheathing</Name>
      <Category>Timber</Category>
      <Description>No description provided</Description>
      <Density>700</Density>
      <EEI>0</EEI>
      <ECI>3.6399999999999997</ECI>
      <ECI_A1A3>1.1</ECI_A1A3>
      <ECI_A4A5>0.39</ECI_A4A5>
      <ECI_B1B7>0.46</ECI_B1B7>
      <ECI_C1C4>0.72</ECI_C1C4>
      <ECI_D>0.97</ECI_D>
      <isLocked>false</isLocked>
      <Property />
    </CarboMaterial>
    <CarboMaterial>
      <Id>20016</Id>
      <Name>Metal Stud Wall</Name>
      <Category>Steel</Category>
      <Description>No description provided</Description>
      <Density>7850</Density>
      <EEI>0</EEI>
      <ECI>2.2</ECI>
      <ECI_A1A3>0.5</ECI_A1A3>
      <ECI_A4A5>0.89</ECI_A4A5>
      <ECI_B1B7>0.32</ECI_B1B7>
      <ECI_C1C4>0.06</ECI_C1C4>
      <ECI_D>0.43</ECI_D>
      <isLocked>false</isLocked>
      <Property />
    </CarboMaterial>
    <CarboMaterial>
      <Id>20017</Id>
      <Name>Timber - Structural Timber C24</Name>
      <Category>Timber</Category>
      <Description>No description provided</Description>
      <Density>700</Density>
      <EEI>0</EEI>
      <ECI>2.3899999999999997</ECI>
      <ECI_A1A3>0.72</ECI_A1A3>
      <ECI_A4A5>0.35</ECI_A4A5>
      <ECI_B1B7>0.43</ECI_B1B7>
      <ECI_C1C4>0.25</ECI_C1C4>
      <ECI_D>0.64</ECI_D>
      <isLocked>false</isLocked>
      <Property />
    </CarboMaterial>
    <CarboMaterial>
      <Id>20018</Id>
      <Name>Metal - Steel</Name>
      <Category>Metal</Category>
      <Description>No description provided</Description>
      <Density>7850</Density>
      <EEI>0</EEI>
      <ECI>4.5499999999999989</ECI>
      <ECI_A1A3>2.74</ECI_A1A3>
      <ECI_A4A5>0.76</ECI_A4A5>
      <ECI_B1B7>0.47</ECI_B1B7>
      <ECI_C1C4>0.48</ECI_C1C4>
      <ECI_D>0.1</ECI_D>
      <isLocked>false</isLocked>
      <Property />
    </CarboMaterial>
  </CarboMaterials>
</CarboDatabase>